标题,导演,主演,类型,地区,语言,上映日期,播放链接,封面图片,剧情简介,评分
与你同形,泰勒·罗素,"萨拉·费希尔,杰克·阿林,琳恩·柯林斯,罗宾·莱弗里,巴特·约翰逊,斯科特·里维斯,奥斯汀·罗伯特·罗素,布兰登·赫希,玛丽·玛格丽特·霍尔,林赛·罗斯·达文波特,罗伯特·韦,伊冯娜·兰德里,莎伦·帕拉,杰尼克·本尼特,罗伯特·G·哈里斯,杰西·伦斯福德,德雷克·Z·诺顿,德雷克·M·布玛",爱情,美国,英语,2024,https://ukzy.ukubf3.com/share/5mHL3sDZuuFGiwKX,https://img.ukuapi.com/upload/vod/20240904-1/92b7bbf21808e75429fd5af1f642da42.jpg,在痛失挚友后，一位年轻的建筑师踏上了寻找好友失散的双胞胎的旅程。,4.5
无主之地,伊莱·罗斯,"凯特·布兰切特,凯文·哈特,杰克·布莱克,阿丽亚娜·格林布拉特,弗罗里安·穆特鲁,杰米·李·柯蒂斯,埃德加·拉米雷兹,吉娜·格申,海莉·贝内特,詹妮娜·加万卡,奥利维尔·里希特斯,鲍比·李,夏恩·杰克逊,本·戴维斯,查尔斯·巴巴洛拉,史蒂文·博耶,瑞安·雷德蒙德,保拉·安德烈埃·普拉西多,哈利·福特,贾斯汀·皮尔斯","喜剧,动作,科幻,惊悚,冒险",美国,英语,2024,https://ukzy.ukubf3.com/share/f1AbbHUKxUQTA9ag,https://img.ukuapi.com/upload/vod/20240816-1/34fac453b4258803eae7ec385eb7406a.jpg,莉莉丝（凯特·布兰切特CateBlanchett饰）是一个有着神秘过去的赏金猎人，她被迫回到家乡——银河系中最混乱的潘多拉星球，任务是找到阿特拉斯（埃德加·拉米雷兹ÉdgarRamírez饰）失踪的女儿。莉莉丝与一群不合群的人组成了一个意想不到的联盟，他们是：雇佣兵罗兰（凯文·哈特KevinHart饰）、爆破专家小蒂娜（阿丽亚娜·格林布拉特ArianaGreenblatt饰）、小蒂娜的保护人克里格（弗罗里安·穆特鲁FlorianMunteanu饰）、古怪的科学家坦尼斯博士（杰米·李·柯蒂斯JamieLeeCurtis饰）和聪明的机器人克拉普特（杰克·布莱克JackBlack配音）。这些不可思议的英雄们必须一起与外星生命和危险的强盗战斗，以揭开潘多拉最具爆炸性的秘密。,4.6
蓝色禁区：凪,石川俊介,"岛崎信长,内田雄马,兴津和幸,浦和希,海渡翼,小野友树,齐藤壮马,诹访部顺一,内山昂辉,神谷浩史,木村昴","动画,运动",日本,日语,2024,https://ukzy.ukubf3.com/share/Cim4Vje3enQXYkAs,https://img.ukuapi.com/upload/vod/20240901-1/53e0f3b4277ae1994fd3ed6dc0ba9ba7.jpg,“天才”在被发现后开始塑造其轮廓。此时，天才前锋凪诚士郎的自我正征服世界！！把“好麻烦”挂在嘴边的高二学生凪诚士郎，整天过着百无聊赖的日子，直到梦想成为世界杯冠军的同校同学御影玲王发现了他的天赋。在玲王的邀请下开始踢足球的凪，发挥出了超乎想象的足球天赋。某日，他收到了“蓝色禁区”计划的邀请函，等待他的是与洁世一、蜂乐回、糸师凛这些从全国各地精挑细选出来的前锋们的集结。强强激战中，最终，天才凪诚士郎迎来“觉醒”时刻！,7.5
棒球伙伴,杰瑞米·加德奈,"杰瑞米·加德奈,Adam Cronhelm","剧情,恐怖",美国,英语,2012,https://ukzy.ukubf3.com/share/9I3OKm9meKPkXDTa,https://img.ukuapi.com/upload/vod/20240902-1/f9c3925cf1702d70db87f0ceb3fc06f7.jpg,Thepersonalitiesoftwoformerbaseballplayersclashastheytraversetheruralbackroadsofapost-plagueNewEnglandteemingwiththeundead.,2.9
灰,Erdem Tepegoz,"冯达·埃尔伊义特,阿尔佩伦·杜伊马兹,穆罕穆德·根塞尔,格克切·埃尤博格鲁,努尔·叙雷尔,尔迪雷·沙希纳,Canan Atalay,色达·土库曼,Selin Vardarli,Abdullah Burak Kaya,Adnan Basar,Murat Bavli,Ali Riza Bora,Büsra Conker,Rukan Demir,Hakan Erdil,Gürkan Erduvan,Elif Gezgin,Ece Kazimoglu,Irmak Kazimoglu","剧情,爱情",土耳其,土耳其语,2024,https://ukzy.ukubf3.com/share/3xMUpmPguI1fopbp,https://img.ukuapi.com/upload/vod/20240902-1/b2ef3899a5845e8b6cb36584a3bd2a40.jpg,"AcarpenterMetinAli(AlperenDuymaz)andGokce,(FundaEryigit)thewifeoftheownerofthepublishinghouse.Gokcewillimmerseherselfintheworldcreatedbythebookshehasreceived,andherlifewillbemovedtoanotherdimensionwiththecarpentersheischasing.",3.1
极海迷窟,梁建强,肖博 于心妍 淳于珊珊 张鑫 于波 莫美林,"动作,冒险,奇幻",大陆,国语,2024,https://ukzy.ukubf3.com/share/OLVcM8EPWlFFp9AV,https://img.ukuapi.com/upload/vod/20240901-1/dacda26c6b2d107d90d60b04e0e29d30.jpg,某海岛上发现南越遗址，相传可能是南越丞相吕嘉的藏宝之处。台风将至，耳力超凡的野外生存专家吴痕受南越史学家顾临的邀请帮助考古队抢修文物，却意外发现一个与吕嘉年代相去甚远的洞窟，并由此踏上冒险旅程，一桩千年历史秘闻将浮出水面。,0.0
我没有失踪,亮子,"马少骅,陈创,徐梵溪,艾东",剧情,中国大陆,汉语普通话,2025,https://ukzy.ukubf3.com/share/ymOwrGBqSFZonKTF,https://img.ukuapi.com/upload/vod/20240904-1/e916894c24345a49ea1578daba89a304.jpg,主角罗立松是一名恪守职责的老警察，在一场意外中痛失爱子，但对方下落不明，为证明儿子并未失踪，临近退休的罗立松四处奔走寻找儿子的下落，最终皇天不负有心人，重于找寻到了儿子的下落，不仅还其清白，更证明人民警察“忠诚可靠、服务人民、竭诚奉献、作风优良，不负使命”的精神。,2.0
印度制造,夏兰特·卡塔里亚,"安努舒卡·莎玛,瓦伦·达万,拉格胡维尔·亚达夫,纳米特·达斯,吉恩德拉·沙斯特里","剧情,喜剧",印度,印地语,2018,https://ukzy.ukubf3.com/share/seStQzkSiC7nzHga,https://img.ukuapi.com/upload/vod/20240902-1/a515b404b6110de9f0826972de63e242.jpg,帮助叔叔经营缝纫机店的青年茂吉（瓦伦·达瓦VarunDhawan饰）乐观开朗，似乎特别乐意取悦他人。在叔叔儿子的婚礼上，茂吉嬉皮笑脸，哗众取宠，这令他的妻子玛姆塔（安努舒卡·莎玛AnushkaSharma饰）倍感羞耻和伤心。回到家后，玛姆塔闷闷不乐，以泪洗面，她劝丈夫利用自己裁剪方面的技能自力更生，不要屈辱求存。茂吉不愿重走裁缝爷爷昏暗的老路，可是他似乎也无法再忍受叔叔他们的戏谑。终于在一次争吵后，茂吉愤而辞职。偏偏此时，母亲一病不起。在妻子的鼓励下，茂吉不再踌躇，他决定经营自己的裁缝摊，从一点一滴做起。一直忙于家务的夫妻二人，也借此机会贴近彼此……,6.6
巴克曼,András Szöke,维卡·克里克斯,,匈牙利,匈牙利语,2008,https://ukzy.ukubf3.com/share/J4XcFHkilfX4TAbl,https://img.ukuapi.com/upload/vod/20240901-1/ffdb17e63deaa6767c03f4a997d8742a.jpg,内详,1.7
长腿,奥兹·珀金斯,"麦卡·梦露,尼古拉斯·凯奇,布莱尔·安德伍德,艾丽西亚·维特,米歇尔·乔伊-李,达科塔·道尔比,劳伦·阿卡拉,琪兰·席普卡,贾森·戴,丽莎·钱德勒,莱拉·麦金托什,卡梅尔·阿密特,沙芬·卡里姆,丹尼尔·巴孔,瓦内萨·沃尔什,斯科特·尼科尔森","惊悚,恐怖",美国,英语,2024,https://ukzy.ukubf3.com/share/QrTPYLLPqKB2H0Pe,https://img.ukuapi.com/upload/vod/20240904-1/bef2292ce45f9f8d3ece3c9a737b3681.jpg,横跨30年的10宗灭门惨案，所有遇害家庭都有一个共通点：有一位14号生日的小女生。,5.5
异人之下,"乌尔善,夏鹏","胡先煦,李宛妲,冯绍峰,乔振宇,宋宁峰,娜然 ,那尔那茜,兰西雅,邬家楷,尚铁龙,陈彼得,熊稳稳,橙一杰,刘纯燕,桑平,刘星辰,隋咏良,韩鹏翼,冯粒,刘金龙,黄小蕾,那威,王劲松","动作,奇幻",中国大陆,汉语普通话,2024,https://ukzy.ukubf3.com/share/3IHgZqYMkY6G2bxg,https://img.ukuapi.com/upload/vod/20240831-1/9b4a2839ee232331f3ef6bafd1d84157.jpg,一直隐藏自己异人身份的张楚岚（胡先煦饰），自从遇到身世神秘的冯宝宝（李宛妲饰）后，便被卷入不同异人门派争斗的漩涡中。随着张楚岚是神秘功法“炁体源流”传人的秘密被公之于众，异人界围绕他展开了激烈的争夺，哪都通、全性派、天下会、天一门等各方势力一一登场，混战一触即发，而此时张楚岚却意外揭开了当年的秘密……影片改编自国漫《一人之下》。,5.9
信使,丹尼尔·卡尔帕索罗,"阿隆·陂佩,玛利亚·佩德拉萨,路易斯·托萨尔,Laura Sepul,Nourdin Batan,José Manuel Poga,路易斯·扎赫拉,Manuel Gancedo,Antonio Buíl,Lukas Maximilian,阿尔维托·乔·李,斯特凡·韦纳特,Arantxa Aranguren,Jorge Silvestre,Calero,Ede,Sesinou Henriette,基尔特·范·朗拜博格,Raúl Beatmac,Lara Martorell","剧情,惊悚,犯罪","西班牙,比利时,法国",西班牙语,2024,https://ukzy.ukubf3.com/share/nWEiQMZ9jUcThrM5,https://img.ukuapi.com/upload/vod/20240831-1/610b627bd955e95479bf84a0f7f6d4c2.jpg,FollowsahustlerandhisrisetothetopofthecorruptionthatsurroundedtherealestatebubbleafterthearrivaloftheeuroinSpain.,3.8
棉尾兔,Patrick Dickinson,"塞伦·希德,托马斯·库姆斯,伊芙·海因德,安格斯·巴尼特,恒松祐里,中川雅也,锦户亮,真矢美纪,木村多江,松崎悠希,高梨临,植原好史,Dave Simon,Isy Suttie,Sarah Mayhew,Laura Smyth,Anil Goutam,光石研,Jasmine Daoud,Kano Ichiki",剧情,"英国,日本","英语,日语",2024,https://ukzy.ukubf3.com/share/HfquICYC7qYArCnN,https://img.ukuapi.com/upload/vod/20240904-1/7ae079270061fc9724b1d245f86f3bb4.jpg,影片讲述Kenzaburo(中川雅也饰)在妻子Akiko(木村多江饰)去世后，带着儿子(锦户亮饰)离开日本，前往《彼得兔》作者碧翠丝·波特的故乡英格兰湖区旅行，因为Akiko儿时很喜欢《彼得兔》的故事，她一直希望能和Kenzaburo一起去英格兰湖区旅行。Kenzaburo必须要实现Akiko的遗愿，将她的骨灰撒到当地的湖中。Kenzaburo与儿子发生争执后，最终独自前往了英格兰湖区。在经过噩梦般的入境过程，Kenzaburo最终遇到了约翰(希德饰)和他的女儿玛丽(巴克利饰)，他们之间产生了浓厚的友谊，而Kenzaburo也意识到自己需要和儿子一起追寻这段象征性的旅程，并最终揭开一个长久以来的秘密。,3.8
隔窗恋爱：看着你,马塞尔·弗雷斯,"胡利奥·佩纳,克拉拉·加勒,Ivan Lapadula","剧情,喜剧,爱情",西班牙,西班牙语,2024,https://ukzy.ukubf3.com/share/vvzF68r4mnYR1ljt,https://img.ukuapi.com/upload/vod/20240831-1/2e610e6f003cdcef46b95884cbf0ca55.jpg,"RaquelandAresareinalong-distancerelationship.TheyfinallyreuniteduringsummeronthelandscapesofCostaBravawiththeirfriends,RaquelandAresbegintoquestionwhethertheirrelationshipcanendurethetestoftime.",5.7
空空如也,Daniel André,"露西·海尔,莫妮卡·波特,达斯汀·米利甘,弗朗西斯卡·伊斯特伍德,凯尔·吉克瑞斯特,瑞斯·考罗,吉姆·加菲根,莱斯莉·斯特拉顿,埃梅丽娜·亚当斯,杰·费罗尔,小伊萨克·C.辛格尔顿,克拉拉·麦克格雷格,迪伦·弗拉施纳,吉姆·克洛克,特里斯坦·汤普森,米凯拉·萨斯纳,Lisa Yaro,米歇尔·法拉·黄,Annie Abbott,Sky Liam",喜剧,美国,英语,2024,https://ukzy.ukubf3.com/share/LzWYw6Ra3yoHvnbc,https://img.ukuapi.com/upload/vod/20240831-1/a565863cf7abd5082ae4dae52bd9256b.jpg,"FollowsMortwhodiscovershehaslessthanayeartolive,andafterhisfiancéleaveshim,hemeetsKateinadatingservicethatmatchespeoplebytheirdeathdates,allwhilebeingstalkedbyadisturbedpimp.",1.1
屋顶足球,飞鱼,"唐良凤,谭新宇,史俊弦,李斌,史晨熙,陈思妍,罗韩香","剧情,运动",中国大陆,汉语普通话,2023,https://ukzy.ukubf3.com/share/0TgS2AFv2Po6dmCy,https://img.ukuapi.com/upload/vod/20240903-1/958a137dd016bb222f6ad73eb0889661.jpg,讲述了云南大山深处的一个村寨里，一对千里寻母的小姐妹和一个酗酒的水果贩子，她们为了各自的梦想，克服重重困难成立了一支屋顶足球队。在追梦的途中，她们手握光芒，勇搏命运的出口，最终逆风成长的故事。,4.1
人鬼情不了,Aditya Sarpotdar,"沙尔瓦里·瓦格,Abhay Verma,莫娜·辛格","喜剧,恐怖",印度,印地语,2024,https://ukzy.ukubf3.com/share/SXuEwEraEy5jxTPm,https://img.ukuapi.com/upload/vod/20240831-1/17fe050b4b6fec6c744877b5d7064d7b.jpg,Munjya爱上了Munni，它将一直追逐她，绝不放弃,1.5
89年的锡比乌,图多尔·久尔玖,"Alex Calangiu,Catalin Herlo,罗努特·卡拉斯,尤利安·波斯泰尔尼库,亚历山德鲁·帕帕多波尔,Leonid Doni,安迪·瓦斯卢亚努,托玛·库津,Mirela Oprisor,斯蒂芬·扬库,科斯特尔·卡斯卡韦尔,Voicu Dumitras,伊恩·格罗叙,Nicu Mihoc,Alin Florea,Razvan Vicoveanu,Áron Dimény,尼科丁·恩古里亚努,Laurentiu Bãnescu,博格丹·法尔卡什","剧情,惊悚,战争","罗马尼亚,匈牙利",罗马尼亚语,2023,https://ukzy.ukubf3.com/share/GMjTfEzkGjIvPqoS,https://img.ukuapi.com/upload/vod/20240901-1/927e4bf84f6e3cd1f176b63b188b5cbb.jpg,"Sibiu’89reenactsalesser-knownstoryaboutthosedaysofviolentcivilunrestthatledtoabloodyconfrontationbetweenthearmyforcesandCeauşescu’sinstrumentsofrepression,theMilitiaandtheSecretPolice.Followingrumoursanddisinformationaboutso-called“terrorists”attackingsoldiersandcivilians,panicandchaosensue.Nooneistobetrusted,everyonecouldbeanenemy,andordinarypeoplewillmakedecisionsthatwillhauntthemforever.",1.7
全个世界都有电话,黄浩然,"周国贤,韦罗莎,陈湛文,蔡思韵,周汉宁,邓丽英",剧情,"中国香港,中国台湾",粤语,2023,https://ukzy.ukubf3.com/share/8he5uL2k4km5xjqQ,https://img.ukuapi.com/upload/vod/20240902-1/5073dbb0fc2e277c41feedcea660ff6f.jpg,三位中学好友在1997年的暑假，联袂购买了人生第一部手机。每个人将自己对未来的憧憬，透过SMS互传给对方收藏，并约定25年后吃饭叙旧，揭晓当初传给对方的讯息。三人在25年后终于聚首一堂，但却各自因为智能手机，而经历了不平凡的一天，最后更为自己的人生找到了新意义。,5.5
碰触,巴塔萨·科马库,"埃吉尔·奥拉夫森,木村光希,帕尔米·科马库尔,本木雅弘,奈良桥阳子,鲁斯·西恩,中村雅俊,麦格·久保田,Tatsuya Tagawa,Charles Nishikawa,Starkaður Pétursson,西吉·英瓦松,阿克夏伊·卡纳,基兰·巴克里奇,Brandy Row,Eiji Mihara,Maria Ellingsen,本尼迪克·埃灵格松,Masaya Mimura,柴田理惠","剧情,爱情",冰岛,"英语,日语,冰岛语",2024,https://ukzy.ukubf3.com/share/LT8ziUuLaLQq34yM,https://img.ukuapi.com/upload/vod/20240904-1/c2e0921f3ea87400223cb0c96affd4d3.jpg,影片改编自畅销小说。一段失落的异地爱情一幕幕即将消逝的甜蜜回忆错过了的缘分，怎舍得成为半生遗憾?,6.4
蜀山封魔传,陈玉勇,"周路,毛娜,楼南光,邵琨","奇幻,爱情",大陆,,2024,https://ukzy.ukubf3.com/share/3XwpXG1M5HWY26Uk,https://img.ukuapi.com/upload/vod/20240831-1/9a5d20703f9f4053ec1997b92bdc039a.jpg,主角廖不凡在世人眼中，是个谁见谁倒霉的扫把星。为了改变命运，他到蜀山拜师修行，最终得到他人的认同与帮助，实现了自我价值与理想。廖不凡不是个幽默的人，但他经常以一副嬉皮笑脸的面容面对世界，但是有时候他是以笑容掩饰内心的焦虑，不让别人为他担心。对于外人而言，他是个随遇而安的人，但身边的人往往能看出他埋藏在心中的忧虑，看似莽撞的他同时也很理智，明白正确的道路不是一条轻松的路，行走在这条路上将会遭遇无数艰难险阻。女主角玲珑拒绝道听途说相信亲眼所见，正是她的爱意才让廖更加相信自己的选择，没有背道而驰。,0.0
哈罗德和紫色蜡笔,卡洛斯·沙尔丹哈,"扎克瑞·莱维,里尔·莱尔·哈瓦瑞,佐伊·丹斯切尔,本杰明·波塔尼,塔尼娅·雷诺兹,杰梅奈·克莱门特,阿尔弗雷德·莫里纳,彼得·加德纳,卡蜜尔·古阿蒂,拉维·帕特尔,泽勒·阿芙拉多普洛丝","喜剧,动画,奇幻,冒险",美国,英语,2024,https://ukzy.ukubf3.com/share/th5AELtdkWqcpfxj,https://img.ukuapi.com/upload/vod/20240829-1/8b53a64d58dc14ceef01569d6c535fb2.jpg,改编自1955年出版的同名小说，讲述一个4岁的小男孩用他的魔力蜡笔创造了他身边的世界。,2.3
夺宝寻龙：北冥鲲宫,秦鹏飞,"迟帅,程启蒙,依灵,安琥,陈颢文","剧情,悬疑,冒险",中国大陆,汉语普通话,2024,https://ukzy.ukubf3.com/share/10sLLYAwspbyKP8J,https://img.ukuapi.com/upload/vod/20240827-1/56eb29dae1ef0a138e5f21a8e45fcc0f.jpg,本故事虚构了“金宿卫”这一自古传承的国宝守护者。讲述了在民国年间，金宿卫后人前往东北保护女真族宝藏，阻止日本人夺宝，并探寻金宿卫被迫害的秘密。本片的三位主角坚定地守护国家宝藏，陆还山用自我牺牲保护好国宝免遭侵略者的掠夺，片中的披甲人从一开始被迫为日本人寻宝，到最后舍命消灭日本侵略者，体现出民族意识的觉醒，传达出了民族团结、英勇抗敌的主旋律精神。,2.1
史上最糟糕的前任,Cynthia Childs,内详,"纪录片,犯罪",美国,英语,2024,https://ukzy.ukubf3.com/share/jqWTZWTZsYOGlgii,https://img.ukuapi.com/upload/vod/20240829-1/93d36dad0e4560505e9102df12509757.jpg,"Shockingtalesofbetrayal,violence,anddeceitthroughtestimonials,bodycamfootage,andreenactments.Exposesthedisturbingrealitiesofmonstrouspastrelationships,tappingintotheuniversalfearofnottrulyknowingone’spartner.",2.6
陷阱 1996,林海象,"永濑正敏,南原清隆,杉本哲太,山口智子,夏川结衣,磨赤儿,佐野史郎,千石规子,马渕晴子,宍户锭","剧情,悬疑",日本,日语,1996,https://ukzy.ukubf3.com/share/L4ePchI0rsZde0Kr,https://img.ukuapi.com/upload/vod/20240827-1/82509e4e0b70eb9c38874f61e9772a02.jpg,"""Thethirdfilmintheseries,TheTrap,isanunusualbeast.Whenthefilmopensourperpetuallydown-on-his-luckheroisactuallyonabitofaroll.Businessisbooming,he’sgotanewgirlfriend,Akanehasbeenacceptedintocollege…he’sevenupgradinghisofficeequipment.Thingscouldn’tbebetter,right?Well,itwouldn’tbenoirifthingswentwellforHamaandthestorytakesadarkturnwhenamysteriousmaskedfigurearrivesinHama’sofficeandasksMaikutofollowandfindhim.Thnikingthevisitaprank,Hamaignoresit.ButsoonbodiesbegintoturnupthroughoutYokohamaandwhenoneofthecorpseshasHama’sfingerprintsonithesoonfindshimselfontherunfromthepolicewhiletryingtounravelthemystery…TheTrapissimultaneouslythedarkestandthelightestofthebunch.Withitstaleofserialkillersandmentalillness,nottomentionsomeofHama’sclosestfriendstakingsomeseriousdamage,TheTrapcertainlyhasthegrimmeststorylineofthethreefilms.But,ontheotherhand,italsofeaturesamaskedvillainstraightoutoflowbudgetserials,afantasticsequenceinwhichHama’smentor–playedasalwaysbyJoShishido–getstorallythetroops,andalittlebitofspygadgetry.TheTraptriestoplayitbothwaysanddoesasurprisinglygoodjobofit.Thedarkelementsratchetthetensionupwhilethelighterpartskeepthingshoppingalong.""-TwitchReview",2.3
环南时候,李鼎,"夏腾宏,王渝屏,宋柏纬,初孟轩,郑平君,刘亮佐,吕曼茵,单承矩,王庭匀,余晋",剧情,中国台湾,汉语普通话,2023,https://ukzy.ukubf3.com/share/0ccPZ7lB76ztLCPR,https://img.ukuapi.com/upload/vod/20240829-1/d3f92cff0bcc1a02314d5cfc6abab73a.jpg,「明明是『環南四少』？為什麼其中一個是女的？還有，為什麼這四少的照片，永遠只有三個人？」「其中一個是少奶奶啊！」「那另一個呢？為什麼照片裡永遠沒有他？」2022年的台北，已經是一個多元的城市。一座位在台北在淡水河與新店溪沖刷上的三角洲上，有一座擁有55年歷史提供整個首都食材的傳統市場，他們叫它「環南」。有人的地方就有江湖，1991年的「環南市場」當然就有了「環南四少」！有少年的地方就有氣血方剛的純愛，只不過屬於「環南四少」的純愛，跟市場多元的食材一樣，有著如秘密一般的多元情感。唯一的證據，就是那張只有三個人，卻標明「環南四少」的照片。但當年大家都不知道這「三男一女」的環南四少，其中大家以為28歲的第四少，居然來自2022年⋯⋯。,4.1
不死恋人,松居大悟,"见上爱,佐藤宽太,青木柚,前田敦子,神野三铃,落合扶树,大関れいか,平井珠生,米良まさひろ,本折最強さとし,岩本晟夢,アダム","剧情,喜剧,爱情,奇幻",日本,日语,2024,https://ukzy.ukubf3.com/share/h3KfM62UiGusiOGe,https://img.ukuapi.com/upload/vod/20240829-1/eed972cb7984396e0ca29e8660c2ca5d.jpg,本片改编自高木由奈的同名漫画，讲述了在爱上别人的那一刻就从这个世界上消失的河野淳和无法停止相信他就是自己真命天子的主人公长谷部莉乃之间的故事。影片描绘了以直截了当的方式表达“爱”的重要性，两人在生活中一次又一次地相遇。,5.8
陷阱 2024,M·奈特·沙马兰,"乔什·哈奈特,阿里尔·多诺霍,莎莱克·沙马兰 ,海莉·米尔斯,艾丽森·皮尔,马尼耶·麦克费尔,凡妮莎·斯迈思,马利克·朱巴尔,Jonathan Langdon,Peter D,Souza,Ty Pravong,Kaitlyn Dallan,卡莉·洛雷拉,Daniel Karp,John Andrews,Karina Grzella,Elizabeth Victoria Wong,Kristopher Grzella,Kristi Woods,Scott Ian MacDougall,约瑟夫·戴利","悬疑,惊悚,恐怖,犯罪","英国,也门,美国",英语,2024,https://ukzy.ukubf3.com/share/y0ZG8zUygyIX1JGK,https://img.ukuapi.com/upload/vod/20240816-1/0f3d636af364bb4f3e49c4bdce19f387.jpg,一名父亲（乔什·哈奈特JoshHartnett饰）陪同青少年女儿（阿里尔·多诺霍ArielDonoghue饰）参加一场流行音乐演唱会，他们后来发现自己正处于一场黑暗邪恶的活动中。,6.1
罪恶贵族,温贝托·伊诺霍萨·奥兹卡里斯,"阿方索·埃雷拉,西蒙娜·拉马德里德,Juan Pablo Fuentes Acevedo,Fernando Cattori,Renata Manterola",剧情,墨西哥,西班牙语,2024,https://ukzy.ukubf3.com/share/8iVEsEFTMc4gXsAo,https://img.ukuapi.com/upload/vod/20240829-1/acecb7f8cf380bad7d53b122ef623359.jpg,一群家境富有的青少年从一开始的小偷小摸不断升级为危险的犯罪谋划，引发了各种混乱后果——但他们却能置身事外。,4.0
善良的种类,欧格斯·兰斯莫斯,"艾玛·斯通,杰西·普莱蒙,威廉·达福,玛格丽特·库里,周洪,乔·阿尔文,马莫多·阿西,亨特·莎弗,默拉·贝努瓦,苏珊·艾尔,克莉丝朵·阿莱恩·钱伯斯,比比·博克斯,杰西·韦斯,维多利亚·哈里斯,贾昆·门罗-亨德森,蒂莫西·辛里奇斯,纳丹·穆里根,泰莎·布儒瓦","剧情,喜剧","爱尔兰,英国,美国",英语,2024,https://ukzy.ukubf3.com/share/AM30Jos79qiasNop,https://img.ukuapi.com/upload/vod/20240827-1/f5430464d5bcb018bffd68578e53a1f4.jpg,影片由三联式寓言故事组成：一个走投无路的男人试图掌控自己的生活；一个警察惊恐地发现海上失踪的妻子回来了，看起来像是变了一个人；一个女人决意找到一个有特殊能力的人，这个人注定会成为一个伟大的精神领袖。,6.2
企鹅与渔夫,大卫·舒尔曼,"让·雷诺,艾德里安娜·巴拉扎,亚历克西娅·莫亚诺,尼古拉斯·弗兰斯拉,罗西奥·埃尔南德斯, 胡安·何塞·加尼卡,杜达·加尔旺,拉威尔·卡布拉尔,罗伯托·博伦斯坦,艾伦·C·坎普,佩德罗·卡埃塔诺,塔尔马·代·弗雷塔斯,费尔南多·卢弗,阿曼达·马迦良埃斯,拉斐拉·皮门塔,胡安·奎罗斯 ,威尔逊·拉贝洛,何塞·特拉西,佩德罗·乌里齐","剧情,家庭","美国,巴西",英语,2024,https://ukzy.ukubf3.com/share/xDUn0lwVjRrVNS9n,https://img.ukuapi.com/upload/vod/20240828-1/ea7ce02c89d3fe477f5e1491d76f1395.jpg,该剧根据令人难以置信的真实故事改编，讲述巴西渔夫若昂(让·雷诺JeanReno饰)在巴西海岸偏远的岛屿海滩上救下了浑身沾满石油、濒临死亡的企鹅丁·迪姆(DinDim)。,2.8
一箭穿心,郭玉波,"鲁昊,今夏","剧情,动作,战争,武侠",中国大陆,汉语普通话,2024,https://ukzy.ukubf3.com/share/6MOP8IyWtqHTn6oV,https://img.ukuapi.com/upload/vod/20240829-1/e6a41f01b37bd3fb34feda05e3fb2530.jpg,大明嘉靖年间，参将杨振全家被海盗赤虎杀害，儿子杨海躲过一劫。杨海流浪江湖，结识神箭手燕十八的后人燕小萍，习得一身超凡箭术。杨海终于找到赤虎的下落，救出被海盗俘虏的父老乡亲，并与赤虎展开对决……,1.5
黑狱喋血,Ryan C Jaeger,"迈克尔·比恩,凯蒂·洛茨,里奥·霍华德,珍妮弗·布兰克,Kelly B. Jones,罗恩·斯穆安伯格,唐汉平",动作,美国,英语,2024,https://ukzy.ukubf3.com/share/HCoV8FdqZj4PNMwo,https://img.ukuapi.com/upload/vod/20240829-1/85974a1a668b85ebda9b540823d10ffd.jpg,"Inthisaction-packedthrillerfromaproducerofOnceUponaTime...inHollywood,CaityLotz(DC’sLegendsofTomorrow,TheFlash)andLeoHoward(Kickin’It,G.I.Joe:TheRiseofCobra)starassiblingsCharlieandJack,whoaretrappedinMyanmar’stoughestprisonandaccusedofacrimetheydidn’tcommit.Forcedintotelevisedfightswhereinmatesbattleforthechancetoescapedeathrow,theyfaceoffagainstthedeadliestopponentswhereeachmatchcouldbetheirlast.CharlieandJackmustworktogether,theirbondtestedinahigh-stakesgamewhereonlythestrongestcanwintheirwayout.",1.8
纯种狼2,亚力克斯·施塔德曼,"伊莱·斯温德尔,萨玛拉·维文,阿克马尔·萨利赫","动作,动画,奇幻,冒险",澳大利亚,英语,2024,https://ukzy.ukubf3.com/share/5cyHxBYiSlZy1a04,https://img.ukuapi.com/upload/vod/20240828-1/8342ee244ea1dd35eb109a9218994015.jpg,狼人家族的新领袖福来弟勇气与智慧并存，可是狗身的它却无法获得狼人群的足够尊重。在一次月夜祈祷中，它终于成为了狼人，可是却同时召唤来了一个调皮捣蛋的月狼精灵。地月之间的平衡因为此次召唤而被打破，这次福来弟必须把月狼精灵送回家，不然地月之间将不可避免发生碰撞……,4.6
怒火12小时,武浩,"安志杰,甄琪,毕雪,郑胖,冯秦川,杨涵彬,倪珂欣","动作,悬疑",中国大陆,汉语普通话,2024,https://ukzy.ukubf3.com/share/3rmT4Pq5fLnUAuRM,https://img.ukuapi.com/upload/vod/20240828-1/379f7a7554f39181762f5510bc2512e8.jpg,讲述中国硬汉在12小时的极限时间内展开的异国疾速救援故事。,4.5
怪亲,JT·莫讷,"薇拉·菲茨杰拉德,凯尔·加尔纳,芭芭拉·赫希,小艾德·博格里,史蒂芬·迈克尔·克扎达,麦迪逊·贝蒂,比安卡·A·桑托斯,Denise Grayson,Sheri Foster,Duke Mollner,尤金娜·库日敏娜,杰森·帕特里克,吉奥瓦尼·瑞比西,罗伯特·克雷格黑德,Evan Peterson,Andrew John Segal","爱情,惊悚",美国,英语,2024,https://ukzy.ukubf3.com/share/dJMMJJ9upP7sUM6h,https://img.ukuapi.com/upload/vod/20240828-1/ad1b4f859e704779de8f979638327257.jpg,Onedayinthetwistedlovelifeofaserialkiller.,2.1
亚当·桑德勒：爱你,约书亚·萨弗迪,亚当·桑德勒,"喜剧,脱口秀",美国,英语,2024,https://ukzy.ukubf3.com/share/MfMD7mMiiGqmvmoR,https://img.ukuapi.com/upload/vod/20240827-1/3f0b962119ed06fb1988249d92f87913.jpg,"AnewcomedyspecialfromAdamSandlerdirectedbyJoshSafdie(makinghiscomedyspecialdirectorialdebut),AdamSandler:LoveYoupremieresgloballyonNetflixonAugust27,2024.",4.1
解脱,李·丹尼尔斯,"安德拉·戴,格伦·克洛斯,Anthony B. Jenkins,凯莱布·麦克劳克林,黛米·辛格顿,安洁纽·艾莉丝-泰勒,莫妮克,欧玛·艾普斯,密斯·劳伦斯,Javion Allen,托德·安东尼,Bryant Bentley,Jonathan Berry,Loryn Bonner,考林·加普,Guy Collins,Cynthia Dallas,Girly Daniels,Amy Lyn Elliott,Nealla Gordon","惊悚,恐怖",美国,英语,2024,https://ukzy.ukubf3.com/share/IgbC5OYbKvOfCKfG,https://img.ukuapi.com/upload/vod/20240828-1/7cd08d22e74cea4e2b16bb3df17c1a74.jpg,影片根据真实事件改编。埃博尼·杰克逊是一位努力与内心恶魔斗争的单身母亲，她带着家人搬进新家，开始新的生活。但当家中发生的怪事引起儿童保护服务机构的怀疑并威胁到这个家庭时，埃博尼很快发现自己陷入了一场为自己的生命和孩子们的灵魂而战的战斗中。,4.1
贪婪的人,波茨·庞西罗利,"约瑟夫·高登-莱维特,莉莉·詹姆斯,希米什·帕特尔,奇希·劳尔兹,蒂姆·布雷克·尼尔森,乔伊·劳伦·亚当斯,西蒙·雷克斯,乌佐·阿杜巴,妮娜·阿里安达,吉姆·加菲根,何塞·马利亚·亚兹皮克,阿尔特·纽柯克,内娃·豪威尔,Khetphet Phagnasay,迈克尔·哈丁,David Pascua,特拉维斯·普里兹比尔斯基,Kevin M. Brennan,克米特·罗里森,Tamara Hopkins","喜剧,犯罪",美国,英语,2024,https://ukzy.ukubf3.com/share/pzWMfTDZnvfsSQ2P,https://img.ukuapi.com/upload/vod/20240829-1/aa5f78aea03b2413f8d67fe7729e6d58.jpg,菜鸟警察威尔（希米什·帕特尔饰）和他的流氓搭档特里（约瑟夫·高登-莱维特饰）在一个犯罪现场（由他们自己制造的）意外发现一百万美元，从而颠覆了他们生活的这个小镇。在这二人不明智地决定盗取钱财之后，社区中的居民都被吸引参与争夺这笔巨款，从怀孕的妈妈（莉莉·詹姆斯饰）到理疗师（西蒙·雷克斯饰）到虾公司老板（蒂姆·布雷克·尼尔森饰），每个人都了解到，他们为了这笔钱到底牺牲了多少。,4.3
传说 2024,唐季礼,"成龙,张艺兴,古力娜扎,李治廷,李晨,彭小苒,窦骁,郑业成,马元,吕良伟,金巧巧,马艳丽,艾尔番·艾则孜,贾冰,金喜善,唐季礼,降央卓玛,阿兰","剧情,动作,奇幻,冒险","中国大陆,中国香港",汉语普通话,2024,https://ukzy.ukubf3.com/share/ara5b1s9ZUj3ux4U,https://img.ukuapi.com/upload/vod/20240831-1/5808d440a19843112a478989572bd63e.jpg,前世情缘，梦中寻觅。家国太平，英雄铸成！影片是《神话》的姊妹篇，讲述房教授（成龙饰）在考古时挖掘出神秘的萨满古玉，它引领着房教授和助手王靖（张艺兴饰）梦回西汉，化身骁勇善战的汉军将领，征战于无垠的河西草原，率骑兵抗击匈奴守护家国，并与匈奴公主梦云（娜扎饰）展开一段跨越千年的前世情缘。为寻真相，房教授和助手邀请好友雷振（李晨饰）深入万年冰川中找寻祭天圣地，欲揭开这段不为人知、横跨千古的传奇故事，却遭萨满专家赫伯尔（李治廷饰）的阻挠……,5.1
伞少女,沈杰,"聂曦映,谷江山,刘校妤,沈念如,张杰,乔诗语,季冠霖,刘琮,锦鲤,陈少熙,徐佳琦,苏尚卿,蔡海婷,林兰,李诗萌,刘芊含,钱琛,沈依杭","动画,奇幻,古装",中国大陆,汉语普通话,2024,https://ukzy.ukubf4.com/share/hfHMOLsiIemPIMtZ,https://img.ukuapi.com/upload/vod/20240824-1/6797d4b84cc75797964824dee04dc2a7.jpg,前朝公主镜折将自己心爱的青罗伞送至念物阁珍藏，临行前她希望青罗伞可以陪伴着前朝将军的黑玉剑。青罗伞的物灵青黛为实现主人的愿望，在念物阁寻找到黑玉剑的物灵忘归。而忘归却一心想为前主人报仇，找到机会逃出了念物阁。为了阻止忘归再次在人间挑起战争，青黛与天才工匠少年墨阳一起踏上了寻找忘归的路。一路上惊险重重，在一人一物灵的通力合作下，最终他们成功让忘归放弃仇恨，并且阻止了念物阁一场前所未有的危机。然而，他们也付出了巨大的代价......,6.6
名模夜惊魂,德里克·派克,"丝柯·泰勒-考普顿,瑞恩·莫里曼,兰迪·韦恩,克里斯·泽尔卡,Kyra Santoro,莱克西·阿特金斯,Hailee Keanna Lautenbach,菲利普·安德瑞·波铁洛,CoryAnne Roberts,Priscilla Huggins Ortiz,Triana Browne","剧情,悬疑,惊悚,恐怖",美国,英语,2024,https://ukzy.ukubf3.com/share/iX1EWYUpRF7i6RMB,https://img.ukuapi.com/upload/vod/20240825-1/f514437e7e7b789c6526b03ff2f97016.jpg,一群模特们因故临时在偏僻安静的小屋里过夜却没料到在黑暗中有什么东西盯上了她们。,1.4
麻辣兄弟之疯狂一夜,"车志刚,杨羽","杨羽,邵庄,邢冬冬,王冬,安宁,大牛,王辰昊","剧情,喜剧",中国大陆,汉语普通话,2024,https://ukzy.ukubf3.com/share/MrmxKTpeDAlV9HBC,https://img.ukuapi.com/upload/vod/20240824-1/a71b3f95c92232fa15eb82ecd624bf02.jpg,林大冲、吕胖胖、柳小刀和李凡达，是大学时期舍友。毕业几年后几人都在忙着自己的生活和事业，已经很久没有见面。有一天胖胖突然找到大伙，希望能和大家再疯狂一次。一夜离奇的经历，使他们变得更加珍惜当下的生活。影片是《麻辣隔壁》的电影版。,4.1
逃脱,李宗弼,"李帝勋,具教焕",动作,韩国,韩语,2024,https://ukzy.ukubf3.com/share/GMQ6HFWvLqYsiKPV,https://img.ukuapi.com/upload/vod/20240827-1/32e5eb51f2de526c49bd4eccee180d3b.jpg,讲述在铁栏杆的对面，梦想着还有明天而疾走于越过生死之线的朝鲜士兵圭南和需要阻止他的保卫部长校贤尚展开不惜性命的逃走与追击战的故事。,7.2
敌对维度,Graham Hughes,"Stephen Beavis,Cedric Gall,Graham Hughes,Paddy Kondracki,Annabel Logan,Lucy the Dog,Josie Rogers,Andy Stewart,Joma West","科幻,恐怖",英国,英语,2024,https://ukzy.ukubf3.com/share/Ib4sKO9f2hqQmY7M,https://img.ukuapi.com/upload/vod/20240827-1/fc5abd72b2e958a388391a0bdab523a9.jpg,讲述了两位纪录片制作人决定调查一位涂鸦艺术家的失踪事件。随着调查的深入，这两位制作人遭遇到了一扇诡异的凭空出现的木门，这扇门引领他们穿梭于不同的空间，同时开启了一段黑暗的噩梦之旅。本来只是调查失踪事件的两人很快便意识到，自己陷进了超乎想象的可怕旋涡之中...,3.0
短句之国,Hella Joof,"Sofie Torp,Thomas Hwan,Anders Agger,洛特·安德森,Maria Rossing,克里斯蒂安·塔夫德鲁普,Rikke Bilde,Christine Gjerulff,波笛·约根森,布贾内·亨里克森,杨思·约恩·斯波塔格,Jesper Hagelskær Paasch,约翰·路易斯·施密特,安德斯·布林克·马德森,Thomas Guldberg Madsen,Malaika Berenth Mosendane,Nina Terese Rask,Arian Kashef,La",喜剧,丹麦,丹麦语,2023,https://ukzy.ukubf3.com/share/D2TCH5HQUcM3rHIJ,https://img.ukuapi.com/upload/vod/20240826-1/9181ce1dc1770016fd01af79a2e906a9.jpg,改編自丹麥金獎同名暢銷小說，瑪麗的愛人拉斯穆斯因工作關係決定搬離哥本哈根，搬到丹麥西日德蘭半島，瑪麗的生活因此發生了翻天覆地的變化，瑪麗不情願地與拉斯穆斯一起搬到多風的小鎮──韋林。雖然拉斯穆斯很快地就融入了當地的生活，但對瑪麗卻與當地格格不入。後來，隨著她逐漸學會多聽少說，也開始為當地報紙提供的建議專欄，她逐漸意識到自己可能需要韋林，就像韋林需要她一樣。,4.2
家政初学者,戈兰·斯托列夫斯基,"安娜玛丽亚·玛琳卡,艾丽娜·塞尔班,Samson Selim,Vladimir Tintor,Mia Mustafi,Dzada Selim,萨拉·克利莫斯卡,Rozafa Celaj,Ajse Useini,Filip Trajkovic,Mamura Mustafa,Aleksandra Pesevska,Fisnik Zeqiri,Ziba Radoncic,埃雷娜·里斯蒂克,Ilire Vinca,Serbija Shabanova,Bislim Muçaj,Sanela Emin,Ganimet","剧情,喜剧","波兰,克罗地亚,塞尔维亚,科索沃,北马其","马其顿语,罗马尼语,",2023,https://ukzy.ukubf3.com/share/Kc8EftrVbbPTb2lO,https://img.ukuapi.com/upload/vod/20240826-1/aaa9f0aaba0474c19d56cd7eef883af3.jpg,社工蒂塔的家里住着太多边缘人：女友的两个女儿，一个人小鬼大满腹疑问，一个叛逆少女对世界愤恨；室友东尼在交友软件不停寻找下任，这次钓上的小鲜肉还算亲切诚恳；还有三两成群的离家女同志们，整天吵吵闹闹也勉强凑成一家人。直到女友诊断出癌症，蒂塔被迫负起母亲的责任，不仅为了收养得跟东尼假结婚，还得对外人掩盖家中混居的复杂身份，身在作风保守的马其顿，他们该怎么维持这个拼凑家庭的平衡？,6.8
鲨鱼女孩,"Justin Shilton,Rob Zazzali","Alexandra Corin Johnston,Sumayyah Ameerah,尼克·泰格","惊悚,恐怖",美国,英语,2024,https://ukzy.ukubf3.com/share/iUosEhESnShz0GeN,https://img.ukuapi.com/upload/vod/20240824-1/be5b1f04932aae848a9019b2caa6d53d.jpg,"Whenabeautifulyounginfluencersurvivesamysterioussharkattack,shebecomesamonstrousapexpredator,huntingandfeedinginsunnyVenicebeach,California.",2.1
喋血双雄 2024,吴宇森,"娜塔莉·伊曼纽尔,奥玛·希,萨姆·沃辛顿,戴安娜·西尔弗斯,萨伊德·塔格马奥,雨果·迭戈·加西亚,奥里莉亚·阿格尔,格雷戈里·蒙泰尔,David Clark,杰兹·迪欧,Quentin D,Hainaut,吴飞霞,Grégory Loffredo,埃利·哈达德,Jamel Blissat,纪尧姆·科布施,Etienne Guillou-Kervern","剧情,动作",美国,英语,2024,https://ukzy.ukubf3.com/share/dl4RMGx3a44QWZlu,https://img.ukuapi.com/upload/vod/20240824-1/558cb480af78678f442fc645fda29682.jpg,Zee（娜塔莉·伊曼纽尔饰），一个神秘而臭名昭著的刺客，在巴黎黑社会中被称为“死亡女王”，令人闻风丧胆。在她的神秘导师兼经纪人Finn（萨姆·沃辛顿饰）派遣的任务中，Zee拒绝在巴黎一家夜总会杀死失明的年轻女子Jenn（戴安娜·西尔弗斯饰）。这使得她和Finn反目，同时也引起精明的警探Sy（奥玛·西饰）的注意，并使她陷入一场与自己的过去发生冲突的邪恶犯罪阴谋。,2.3
伞少女,沈杰,"聂曦映,谷江山,刘校妤,沈念如,张杰,乔诗语,季冠霖,刘琮,锦鲤,陈少熙,徐佳琦,苏尚卿,蔡海婷,林兰,李诗萌,刘芊含,钱琛,沈依杭","动画,奇幻,古装",中国大陆,汉语普通话,2024,https://ukzy.ukubf3.com/share/dKTygmW6Jeb6YYnG,https://img.ukuapi.com/upload/vod/20240824-1/eec74f368860050e55c6c0cae7041b58.jpg,前朝公主镜折将自己心爱的青罗伞送至念物阁珍藏，临行前她希望青罗伞可以陪伴着前朝将军的黑玉剑。青罗伞的物灵青黛为实现主人的愿望，在念物阁寻找到黑玉剑的物灵忘归。而忘归却一心想为前主人报仇，找到机会逃出了念物阁。为了阻止忘归再次在人间挑起战争，青黛与天才工匠少年墨阳一起踏上了寻找忘归的路。一路上惊险重重，在一人一物灵的通力合作下，最终他们成功让忘归放弃仇恨，并且阻止了念物阁一场前所未有的危机。然而，他们也付出了巨大的代价......,6.6
高中新丁,"戴夫·切尔诺,约翰·切宁","梅森·泰晤士,阿里·加洛,凯特琳·奥尔森,伊莎贝拉·费雷拉,托马斯·巴布萨卡,拉斐尔·亚历杭德罗,Ramon Reed,Bardia Seiri,Kayvan Shai,诺兰·贝特曼,Eric Grooms,Loren Gray,鲍比·坎纳瓦尔,盖特林·格里菲斯,Phillip M. Lawrence,Javion Allen,斯蒂尔·史泰宾斯,斯科特·麦克阿瑟,Dinora Walcott,Elijah Ocelotzin Espinoza",喜剧,美国,英语,2024,https://ukzy.ukubf3.com/share/utbGvhvB1gmScTLN,https://img.ukuapi.com/upload/vod/20240824-1/9f1af17e490271a5ab037641c6b644c7.jpg,四名新生渴望在他们的第一次高中聚会上大放异彩。但正如人们常说的，计划永远赶不上变化，麻烦总是难免。,3.4
格吉（杀人鬼）,"เมษ ยิ้มสมบูรณ์,พลดลพัฒน์ ธัชทัณฑิมารัชต์","卡文·英玛诺泰,Supawadee Kitisopakul,ชัยยุทธ กิติชัยวัฒน์",恐怖,泰国,泰语,2024,https://ukzy.ukubf3.com/share/qnGnKqvMWigx3SY9,https://img.ukuapi.com/upload/vod/20240823-1/46c9fd09c67adf141e5b51041dc348c8.jpg,内详,1.3
打黑,秦鹏飞,"释小龙,包贝尔,曲栅栅,李大强,刘峰超,王正权,赵润南,王宏,高维蔓,周开开,孙彩纶,房岩,高强,秦焰,周波,任正斌","动作,犯罪",中国大陆,汉语普通话,2024,https://ukzy.ukubf4.com/share/UrPTke7NLY8rdDu9,https://img.ukuapi.com/upload/vod/20240823-1/dfae181dfb934332eb5318a387903a51.jpg,村民古大鹤经营多年的废品收购站遭遇强拆，母亲的坟被强制挖出裸露在外。他实名举报黑恶头目魏天朗后被囚禁。妹妹在此期间也意外身亡。正值中央全面开展“扫黑除恶专项行动”，市公安局刑侦支队队长雷阳奉命调查此案，与这一盘踞多年的黑恶势力展开殊死搏斗。,3.8
异形：夺命舰,费德·阿尔瓦雷兹,"卡莉·史派妮,戴维·荣松,阿奇·雷诺,伊莎贝拉·莫塞德,斯派克·费恩,吴爱玲,丹尼尔·贝茨,伊安·霍姆,特雷沃·纽林,罗伯特·勃洛克茨基,安妮玛丽·格里格斯,罗茜·伊德,索玛·西蒙,本斯·欧科克,维克托·欧利祖","科幻,惊悚,恐怖","美国,英国",英语,2024,https://ukzy.ukubf3.com/share/GSXOxoYZFndGx7Ck,https://img.ukuapi.com/upload/vod/20240819-1/ec1167eb03e629b8542123e5caa6bbe6.jpg,影片时间线设定在1979年第一部《异形》与1986年的续集《异形2》之间，围绕一群年轻而勇敢的太空殖民者展开。讲述他们为逃离外星采矿殖民地的沉闷生活，在冒险探索一座废弃的太空站时，意外遭遇了宇宙中最可怕的生命体——异形。狭窄幽暗、危机四伏的空间站中，大逃杀的序幕已经被无情拉开，人类再次成为异形生物捕猎的目标。在无尽的黑暗与死亡威胁的笼罩之下，太空探险队员们能否在每一次心跳的瞬间，察觉到未知生物潜伏的丝丝寒意？在这场你死我活的追逐战中，他们将直面怎样的信任挑战和道德挣扎？当一个又一个同伴被残忍吞噬，求救无门的他们究竟能否在这场太空杀戮中寻得一线生机？,7.7
猎杀：生死突围,刘渂,刘林城 / 张瀚方 / 时光 / 冷海铭 / 姜山 / 寇钟吁 / 贾虎 /,战争,大陆,国语,2024,https://ukzy.ukubf3.com/share/996goAn3dMYe0e7j,https://img.ukuapi.com/upload/vod/20240824-1/5bd5a62109566d7737c1fa685dde8528.jpg,李威惨遭日本山本挺进队灭门，幸得他侥幸躲过一劫，并和几个朋友踏上复仇之路。他们充分利用灵活的优势，以游击战法向敌人展开攻击，将他们一步步猎杀。而后，他们继续奋斗在反抗敌人侵略的战斗中，甚至牺牲性命。,0.0
毕业那天我们泪流满面,陈思敏,周琪,剧情,大陆,,2024,https://ukzy.ukubf3.com/share/HprgmHwtl7GYb7RO,https://img.ukuapi.com/upload/vod/20240824-1/391dac077d8b57285869beb43985219d.jpg,,0.0
美少女战士Cosmos 剧场版 后篇,高桥知也,"三石琴乃,福圆美里,野岛健儿,金元寿子,佐藤利奈,小清水亚美,伊藤静,皆川纯子,大原沙耶香,前田爱,藤井雪代,广桥凉,村田太志,中川翔子,井上麻里奈,早见沙织,佐仓绫音,北川景子,水树奈奈,林原惠美","剧情,科幻,动画",日本,日语,2023,https://ukzy.ukubf3.com/share/oJFvPAIK8HPBODJ7,https://img.ukuapi.com/upload/vod/20240823-1/9085ea1312fcb4e3d8d8d16a45c6935b.jpg,《美少女战士》的新剧场版《美少女战士Cosmos》将于2023年初夏分为前后两部上映。本作为《美少女战士》系列的最终章《银河之影篇》，新的敌人嘉拉西亚出现。三石琴乃、金元寿子、佐藤利奈、小清水亚美、伊藤静、福圆美里、皆川纯子、大原沙耶加、前田爱、藤井幸代、野岛健儿等将继续参与配音。,7.6
鲨齿险滩,海莉·伊斯顿·斯垂特,"劳伦·莱尔,希夫图·卡西姆,妮科尔·瑞蔻·势津子,娜塔莉·米特森,加布里埃尔·普雷沃斯特-高桥,埃洛伊斯·沙克斯皮尔-哈特,克利尔可·吉尤利亚,Laura Costa",惊悚,美国,英语,2024,https://ukzy.ukubf4.com/share/1cgnZ9ZJ89nbqsoy,https://img.ukuapi.com/upload/vod/20240821-1/a913ad3e1082fa22bfeae8bb353b9e4a.jpg,五位多年未见的闺密，因为参加其中一人在加勒比海举行的海岛婚礼而再度聚首，闲暇之余，她们决定搭船前往一个无人岛探险，没想到该岛的周围潜藏着饥肠辘辘的鲨鱼，五人必须设法从鲨口逃生……。,4.6
狗阵,管虎,"彭于晏,佟丽娅,贾樟柯,周游,胡晓光,王奕权,牛犇,小辛,张译,袁弘,魏晨,赵毅,张建亚,张杨,王砚辉,沙宝亮,尹元章,张立,莫涂弘哲,吴优,答有为,楚布花羯,王乃训,高强,李九霄,梁静,黄米依",剧情,中国大陆,"汉语普通话,西北方言",2024,https://ukzy.ukubf4.com/share/2uIUsowh24yZbkWY,https://img.ukuapi.com/upload/vod/20240821-1/4da85ff8c2144f991a33725a4161baf8.jpg,十余年前的西北小镇，刚出狱的二郎（彭于晏饰）重归故土，面对偏见，面对防备，他不知该如何开启新生活。迫于生计加入打狗队后，二郎拯救了一只流浪黑狗，他也在和黑狗的相处中获得了再次上路的勇气。生命在暗处的绽放更凶猛有力，一人一狗在互相救赎中，拥抱着彼此的新生。,7.2
修复体,Robert Hloz,"托马斯·科特,卡雷尔·多布雷,Václav Neuzil","剧情,科幻,惊悚","捷克,斯洛伐克,波兰,塞尔维亚",捷克语,2023,https://ukzy.ukubf3.com/share/kXephdKMhxkIHLGt,https://img.ukuapi.com/upload/vod/20240818-1/cafa94f3afd978e66520d2f44183cbdf.jpg,"SetinEuropeduring2038,afemaledetectiveinvestigatesthecaseofamurderedcouplewherearestorationteamisabletobringoneofthembacktolife.",1.2
尼斯警花,诺米·萨格雷欧,"阿丽斯·塔格里奥妮,施特菲·塞尔马,诺埃米·洛夫斯基,巴普蒂斯特·勒卡普兰,卡特莉娜德登,耶斯·利奥丹,安托万·迪莱里,弗兰兹-鲁道夫·郎,Timothée Vaganay,詹·奥利弗·施罗德,Nyko,Sandrine Vargas","喜剧,动作,犯罪",法国,法语,2024,https://ukzy.ukubf3.com/share/RiK1tjklMsXAi3k9,https://img.ukuapi.com/upload/vod/20240823-1/b8a5c6eff064107695109bce678df885.jpg,无所畏惧的里欧（阿丽斯·塔格里奥妮饰）自诩为“法国里维埃拉最好的警察”。惊闻与她情同兄妹的同事卢在汉堡被谋杀后，她决心找出真相。但她的老板（诺埃米·洛夫斯基饰）却另有想法，坚持要将此案交给一位德国超级警察。里欧绝不会让一个“金玉其外，败絮其中”的人进行调查，尤其是当她听说这位警察是外表迷人且训练过度的梅兰妮（施特菲·塞尔马饰）时。这两个脾气暴躁但彼此冲突的角色被迫建立了一种不稳定的伙伴关系，她们不知道尼斯市正面临迫在眉睫的威胁，而且她们之间的关系比想象的还要紧密。,2.1
荒野之河,本·科泰,"莉顿·梅斯特,亚当·布罗迪,塔兰·基拉姆,伊芙·康诺利,马特·戴维尔,奥利维亚·斯万,尼克·威特曼",惊悚,美国,英语,2023,https://ukzy.ukubf3.com/share/ZBJPXOaXjc0ifi3L,https://img.ukuapi.com/upload/vod/20240818-1/a4db3dd48a7d0e10d92e014ab794a3c6.jpg,Followsapairofsiblingswholovebutdistrusteachotherastheyembarkonawhite-waterraftingtripwithasmallgroup.Oneoftheirfriendsfromchildhoodturnsouttobemoredangerousthanheappears.,4.4
美少女战士Cosmos 剧场版 前篇,高桥知也,"三石琴乃,福圆美里,野岛健儿,金元寿子,佐藤利奈,小清水亚美,伊藤静,皆川纯子,大原沙耶香,前田爱,藤井雪代,广桥凉,村田太志,中川翔子,井上麻里奈,早见沙织,佐仓绫音,小泉濑奈,村濑步,日笠阳子,伊濑茉莉也,工藤晴香,三上枝织,伊藤加奈惠,水泽史绘,小松由佳,水树奈奈,林原惠美","剧情,科幻,动画",日本,日语,2023,https://ukzy.ukubf3.com/share/aYqFzrpREYBODpa0,https://img.ukuapi.com/upload/vod/20240823-1/cfedfdf5df64cac617f37951ff4b8560.jpg,影片讲述“银河之影”的故事，取材自《美少女战士》系列漫画最终章。名为“银河之影”的组织崛起，意图摧毁一切、统治宇宙，并开始一个个铲除水兵月身边的朋友，她必须挺身迎战新敌人。要达成任务，除了要有过人的能耐，还必须对抗铺天盖地的孤独，她能否坚持下去，保护所爱之人？而在战斗的尾声，又有什么在等待着她？《美少女战士》最终章展开，看水兵月一肩扛起沉重任务，对抗银河之影。,7.6
鬼气球,,,恐怖,,,,https://ukzy.ukubf3.com/share/IT9ofCTxV2RvVJA2,https://img.ukuapi.com/upload/vod/20240824-1/ec0e6a865439de0acc2fab3799adf53e.jpg,多年以前，一处孤儿院，失明的院长丽翠被诬陷杀害她所照顾的七名小孩，结果被居民们处以火刑含冤而亡。她的冤魂萦绕在这座孤儿院里，不时诅咒着跟孤儿院相关的人。多年以后，几个外人搬进已经废弃的这所孤儿院，并发现整栋建筑都被丽翠的亡魂所诅咒。悲剧接二连三发生，让他们试图查明当年的真相究竟是什么…。,0.0
车轴,松本准平,"矢野圣人,锡木佑里,水石亚飞梦,奥田瑛二,筒井真理子,中川雅也",剧情,日本,日语,2023,https://ukzy.ukubf3.com/share/OPI0LSXq5MdLUzpG,https://img.ukuapi.com/upload/vod/20240823-1/dbaee4f3b06a4b5bc3a7040f0bd0506f.jpg,"「聖也と、あんたとあたしの三人で、やってみない？」地方の裕福な実家を""偽物""と嫌悪する大学生の真奈美は、資産家でゲイの潤に、歌舞伎町ナンバー2ホストの聖也を、二人で""共有""することを提案され──。暴力的なまでに切ない、愛の証明。",1.0
咒物寻凶,达米安·麦卡锡,"格威利姆·李,卡罗琳·布莱肯,塔格·墨菲,卡罗琳·门通,史蒂夫·沃尔,乔纳森·法兰西","惊悚,恐怖",爱尔兰,英语,2024,https://ukzy.ukubf8.com/share/bV0MqdkWj6R7IZmv,https://img.ukuapi.com/upload/vod/20240821-1/90191fd8a5e7af72c92669caabaa4d1e.jpg,丹妮原本和丈夫泰德正在翻修偏僻的乡间别墅，却在此地惨遭杀害，所有人都怀疑是当地精神病院的病人所为，因为泰德正是该院的一名医生。然而，案发后不久，嫌疑人就被发现死亡。一年后，丹妮的双胞胎盲妹达茜（Darcy），一个自称通灵者和诅咒物品收藏家的人，意外拜访了泰德和他的新女友雅娜。达茜深信她姐姐的谋杀案远比人们知道的要严重得多，因此她带来了她收藏的最危险的诅咒物品，以帮助她复仇。,2.2
玩命追逐,内详,内详,"惊悚,犯罪",法国,法语,2024,https://ukzy.ukubf3.com/share/PRftrcK5h0d3Psq7,https://img.ukuapi.com/upload/vod/20240824-1/c5153ee293cc9d5efaddd1244c04afac.jpg,一名前汽车走私者被迫在三个小时之内将一名官员的女儿带到要绑架她的人面前——不然她的家人就将承担后果,1.3
神话：风暴边界,杰克·斯托莫恩,"马修·默瑟,威尔坎普,尼古拉·波塞纳","奇幻,冒险",美国,英语,2023,https://ukzy.ukubf3.com/share/3ojc65ziIjXXbTbU,https://img.ukuapi.com/upload/vod/20240818-1/7bd8ef191d43cd39200d5cd2116c1417.jpg,诸神被杀，人口被屠杀，世界变成一片废墟。在索洛克的毁灭和红荆棘的胜利之后，世界在数年后重建，新的威胁将会出现，新的英雄将从灰烬中崛起与之抗争。—斯蒂芬·古拉尔,2.6
尸潮汹涌,"阿努克·惠斯塞尔,约恩-卡尔·惠斯塞尔,弗朗索瓦·西玛德","Derek Johns,Alexander Nachi,Megan Peta Hill","喜剧,恐怖","加拿大,法国",英语,2023,https://ukzy.ukubf3.com/share/4jzFmRi5Q6HjFbyX,https://img.ukuapi.com/upload/vod/20240818-1/d25bfa5b431ef2ce8057c3a59a2a1d31.jpg,背景设定在一个充斥着丧尸的世界里，但这个世界的丧尸有点不同——它们不吃人，也因此被称为非食人型丧尸。在故事中三位想要赚快钱的朋友，因为外婆被绑架从而卷入了一场与邪恶大公司斗智斗勇的纷争中，然后他们都没有预料到事态会变得有多么糟糕...,4.5
长腿,奥兹·珀金斯,"麦卡·梦露,尼古拉斯·凯奇,布莱尔·安德伍德,艾丽西亚·维特,米歇尔·乔伊-李,达科他·道尔比,劳伦·阿卡拉,琪兰·席普卡,贾森·戴,丽莎·钱德勒,莱拉·麦金托什,卡梅尔·阿密特,沙芬·卡里姆,丹尼尔·巴孔,瓦内萨·沃尔什,斯科特·尼科尔森","惊悚,恐怖",美国,英语,2024,https://ukzy.ukubf3.com/share/MGc6jyoJquVF1gAM,https://img.ukuapi.com/upload/vod/20240823-1/67bfb81bdcaa503e8c0d8c193cd25f70.jpg,横跨30年的10宗灭门惨案，所有遇害家庭都有一个共通点：有一位14号生日的小女生。,5.9
烈焰追击,"陈三元,刘勇","张明健,罗立群,夏雨蓓,于喜山,翟万臣,常鲁峰","剧情,犯罪",中国大陆,汉语普通话,2024,https://ukzy.ukubf3.com/share/Z7tBQlvWZrHWDGPG,https://img.ukuapi.com/upload/vod/20240817-1/11a7e924bd85dbb14188ae6affa837e5.jpg,讲述了以闻章陈默师徒二人为代表的天海警方，对怀有特殊目的的高智商犯罪团伙火哥一党的追捕过程。这期间，警方经历着一次次抉择与考验，最终和群众团结一致，完成了打击城市犯罪的使命。,1.4
同盟,朱利安·法里诺,"马克·沃尔伯格,哈莉·贝瑞,J·K·西蒙斯,麦克·柯尔特,爱丽丝·李,杰西卡·德·古维,阿德沃尔·阿吉纽依-艾格拜吉,杰基·厄尔·哈利,露西·科克,帕奇·德拉奇,詹姆斯·麦克马明,Juan Carlos Hernández,斯蒂芬·坎贝尔·莫尔,Cory English,亚当·柯林斯,Julianna Kurokawa,凯·马丁,Alex Merry,Steven Mullins,Harriet Barrow,Oliver Monaghan,达娜·德拉尼,MJ Lee","喜剧,动作,冒险",美国,英语,2024,https://ukzy.ukubf3.com/share/jSu0OqdUDZRgfCWc,https://img.ukuapi.com/upload/vod/20240817-1/9407c2e561cbb50dac357272b895dc7e.jpg,迈克（马克·沃尔伯格饰）是一名来自泽西岛的脚踏实地的建筑工人，当高中时的恋人罗克珊（哈莉·贝瑞饰）招募他执行一项高风险的美国情报任务后，他一头扎入了超级间谍和秘密特工的世界。,3.9
海豚,裴斗理 Duri Bae,"权俞利,吉海妍,玄宇锡,朴美贤,沈熙燮",剧情,韩国,韩语,2023,https://ukzy.ukubf3.com/share/0Y407TuII35u8bIn,https://img.ukuapi.com/upload/vod/20240817-1/90d77cdf361d0af728660145d0e00b1a.jpg,"ThemostimportantthingforNa-young,whohaslivedherentirelifeinasmallseasidevillage,istakingcareofherfamilyandfriends.However,hermothertriestoselltheirprecioushousefullofmemories,andheryoungerbrotherinsistsonmovingtoSeoul.WhileNa-youngstrugglestoacceptthechanges,shecomesacrossbowlingandbeginstospendmoreandmoretimeatthebowlingalley.源自：https://siff.kr/en/films/%eb%8f%8c%ed%95%80/",1.2
侏罗纪三角,Victor De Almeida,"Chrissie Wunna,阿梅丽·勒罗伊,Connor Powles",恐怖,英国,英语,2024,https://ukzy.ukubf3.com/share/lnHqYBmSzW13zg9t,https://img.ukuapi.com/upload/vod/20240818-1/5d625a3514a3e9b1be4c2bc6b7430937.jpg,Agroupofcolleaguescrashlandonamysteriousislandthattheycannotescape.Theydiscovertheyarenotalonewhentheyencounteranarrayofbloodthirstycreaturesanddinosaursouttogetthem.Willtheysurvivetheisland?,4.9
欢迎来到我身边,宋灏霖,"于适,王影璐,黄炎,刘旸,孟映宏,赵天炀,马大智,孙一明,翟宇佳,易立竞,郑家彬,李浩天,九孔,黄楚桐,樊冲,王川,张续振,杜静轩,冯伟强,于晞悦,陈雅舒,孙率航","喜剧,爱情,奇幻",中国大陆,汉语普通话,2024,https://ukzy.ukubf3.com/share/Ewj0Y80pC8EtpOsY,https://img.ukuapi.com/upload/vod/20240816-1/c0a8c8093e9da223d0926cf7f3f6192d.jpg,陈小舟（于适饰）失恋后遭遇了一场意外，从那以后他经常看到大群“嘎嘎”叫的橡皮鸭子，这给陈小舟的生活带来了巨大的阻碍。直到一位名叫冯佳楠（王影璐饰）的女孩的出现，陈小舟惊讶地发现只要和冯佳楠在一起，鸭子就不会跑出来捣乱，一场啼笑皆非的浪漫之旅就此展开……,6.2
死亡大乐透,保罗·费格,"约翰·塞纳,奥卡菲娜,刘思慕,西恩·威廉·斯科特,Michael Hitchcock,艾登·梅耶里,贝琦·安·贝克,亚当·雷,莱斯利·大卫·贝克,凡妮莎卡特,多莉·德莱昂,Murray Hill,山姆·阿斯加里,泰勒·奥特加,切尔西·霍姆斯,Cassidy Kahler,阿尔特·纽柯克,Andzelika Bobrova,艾迪·达文波特,唐纳德·伊莱斯·沃特金斯","喜剧,动作",美国,英语,2024,https://ukzy.ukubf3.com/share/XKFYW6Lg1tGIJw27,https://img.ukuapi.com/upload/vod/20240815-1/0d0570e1e1459e8eb1abdec5e31cfcc9.jpg,设定在不久的将来，经济上面临挑战的加利福尼亚州创立了一项大乐透玩法：你需要在日落前杀死赢家，才能合法领取他们的奖赏。刚搬到洛杉矶的凯蒂(奥卡菲娜)意外发现自己中奖，她必须和业余头奖保护者诺尔(塞纳)合作，确保能活到日落，以领取数十亿美金奖励。与此同时，诺尔的竞争对手、同为保护者的路易斯(刘思慕)也想一路护送凯蒂到日落，来获得丰厚的佣金。,4.6
登月大计划,格里格·伯兰蒂,"斯嘉丽·约翰逊,查宁·塔图姆,伍迪·哈里森,雷·罗马诺,吉姆·拉什,安娜·加西亚,唐纳德·伊莱斯·沃特金斯,诺亚·罗宾斯,克里斯蒂安·克莱门松,科林·伍德尔,尼克·迪伦堡,克里斯蒂安·祖伯尔,吉因·琼斯,乔·克里斯特,斯蒂芬妮·库尔特祖巴,科林·乔斯特,达瑞兹·沃斯基,恩杰玛·威廉姆斯,彼得·雅各布森,劳伦·雷瓦尔德","喜剧,爱情","美国,英国",英语,2024,https://ukzy.ukubf3.com/share/EZV2ZE8SQIWECtLE,https://img.ukuapi.com/upload/vod/20240814-1/5383c7c864d9956362c651a04cbc459d.jpg,举世闻名的阿波罗计划究竟是壮举还是骗局？为完成人类首次登月任务，发射中心负责人柯尔（查宁·塔图姆ChanningTatum饰）带领团队不断处理登月火箭出现的各种问题。担心无法登月的政客们，为确保最终能在太空竞赛中占据优势，暗中找到广告狂人凯莉（斯嘉丽·约翰逊ScarlettJohansson饰），要求她秘密拍摄一段登月视频作为PlanB。柯尔和凯莉将擦出怎样的火花？政治阴谋之下，这对欢喜冤家又该如何实现最终的登月目标？,6.8
血光光五人帮2,石井隆,"绪形拳,大竹忍,余贵美子,喜多岛舞,夏川结衣,Yumi Nishiyama,多岐川裕美,Sharon Becker,Scott Cargle,Shannon Conley,Cynthia Hartzell,Daisuke Iijima,伊藤洋三郎,片冈礼子,Ed MacLeod","动作,犯罪",日本,日语,1996,https://ukzy.ukubf3.com/share/5D1mq6tZsTOq4HCf,https://img.ukuapi.com/upload/vod/20240815-1/c1e39d3f43e566b30c54a107cb502741.jpg,受经济危机影响，经营迪斯科的外山正道（绪形拳饰）欠下黑帮野崎组巨额贷款。其妻（多岐川裕美饰）因被催讨债务的黑帮分子强奸，愤而自杀。外山曾许诺在妻子生日当天买下价值495万日元的猫眼钻石作为生日礼物，于是他铤而走险，劫持野崎组500万日元履行诺言。与此同时，珠宝店集结了5个经历各异的女人：受资金困扰的健身俱乐部老板阿兰（余贵美子饰）、目睹阿兰购买枪支并尾随而来的早纪（夏川结衣饰）、丈夫出轨而想取下戒指的志保（西山由海饰）、与珠宝店劫匪串通的女店员千寻（喜多岛舞饰）以及身着水手服自称17岁的站街妓小百合（大竹忍饰）。野崎组•中岛组小弟携女友抢劫珠宝店，却不曾想阿兰坐收渔利，失意的女人们随其逃出，为找回猫眼石的外山紧随其后。而闻听风声的黑帮亦磨刀霍霍，展开追逐……,7.3
龙卷风,李·以萨克·郑,"黛西·埃德加-琼斯,格伦·鲍威尔,安东尼·拉莫斯,大卫·科伦斯韦,布兰登·佩利亚,哈利·海顿-佩顿,萨莎·莱恩,毛拉·蒂尔内,达利尔·麦克科马克,琪兰·席普卡,尼克·多达尼,滕德·艾德比佩,凯蒂·M·奥布莱恩,大卫·博恩,保罗·谢尔,劳拉·坡,奥斯汀·布洛克,斯蒂芬·欧阳,亚历克斯·金吉,克里斯·阿德里安","动作,惊悚,冒险",美国,英语,2024,https://ukzy.ukubf3.com/share/Y9nXVkqrIpFIKRmu,https://img.ukuapi.com/upload/vod/20240814-1/f58b730e703cb87ec577e12a86481a9b.jpg,凯特·卡特（黛西·埃德加-琼斯DaisyEdgar-Jones饰）曾是一名追风人，大学时遭遇龙卷风的惨痛经历令她饱受困扰，如今她在纽约的办公室里研究风暴模式。在朋友哈维（安东尼·拉莫斯AnthonyRamos饰）的招募下，她重返户外，开始测试一套突破性的全新追风系统。在那里，她与超级网红泰勒·欧文斯（格伦·鲍威尔GlenPowell饰）不期而遇。性格鲁莽又颇具魅力的泰勒带领着一支团队四处追风，并在网上直播他们的追风经历，风暴越刺激他们越兴奋。随着风暴季节来临，前所未见的骇人风暴也频繁出现。凯特、泰勒和他们的团队必须争分夺秒，才有可能在多个龙卷风暴的交汇中逃出生天。,6.8
红毯先生,宁浩,"刘德华,单立文,瑞玛·席丹,余伟国,宁浩,林熙蕾,梁家辉,杨千嬅,王晶,张子贤,刘漪琳,周炜,孙阳,薛宝鹤,马东","剧情,喜剧","中国大陆,中国香港","汉语普通话,粤语",2023,https://ukzy.ukubf3.com/share/odbMqHCiIcNSq9Xz,https://img.ukuapi.com/upload/vod/20240817-1/32bbe49d0e5010764f943c228ac038cb.jpg,香港天王巨星刘伟驰（刘德华饰）从影四十年，一直渴望得影帝。他决定与导演林浩（宁浩饰）合作拍摄农村题材影片，从而在电影节赢得国际声誉。为此，刘伟驰深入农村体验生活、亲自拉投资、拒绝用替身，却因此引发了一系列令人哭笑不得的荒诞闹剧，也展现了娱乐圈的众生百态。,6.5
陨落之星,"多米尼克·阿贝尔,菲奥娜·戈登","菲奥娜·戈登,多米尼克·阿贝尔,伊藤郁女,菲利普·马茨,布鲁诺·罗密,Mélanie Depuiset,Jimmy Assandri,Bertrand Landhauser,席琳·洛朗蒂,Bruce Ellison,Patrick Cottet-Moine,Nathalie Boulanger,Nicole Palumbo,Espérance Kanama,Rahan ,Moon, Ahmed,Sarah Bensoussan,Abderrazak M,Barki,Simon Kengen,Jeanne","剧情,喜剧,黑色电影","比利时,法国",法语,2023,https://ukzy.ukubf3.com/share/14SMx9ouvRrylAne,https://img.ukuapi.com/upload/vod/20240817-1/9ea33f20834a13008695cd0d7f1abf4c.jpg,曾师从法国默剧大师贾克·乐寇的多米尼克·阿贝尔与菲奥娜·戈登这对比利时夫妇在电影界一直是非常独特的存在，他们擅长承袭自默剧伟大传统的夸张肢体表演，风格常被形容为“诗意滑稽剧”。本片是他们的最新作品，讲述一个曾参与恐怖袭击的前社会活动家多年后因面临受害者报复而与妻子和好友谋划逃亡的故事。这部影片在以往的梦幻喜剧色彩上更注入黑色电影元素，欢乐中带着悲观和虚无，彰显他们在创作上的愈发成熟。,7.6
剧场版 怪化猫,中村健治,"神谷浩史,黑泽朋世,悠木碧,小山茉美","动画,悬疑,奇幻",日本,日语,2024,https://ukzy.ukubf3.com/share/B1gafS55u8yn8Hjl,https://img.ukuapi.com/upload/vod/20240816-1/580d440e3eafac8d9ce4c5d20d936b1b.jpg,アニメ「モノノ怪」の15周年プロジェクトが始動。劇場版「モノノ怪」の制作が決定。2023年公開予定で、特報映像とティザービジュアルが公開された。,7.9
白蛇：浮生,"陈健喜,李佳锴","张喆,杨天翔,唐小喜,张赫,刘琮,郑小璞,马程,林强,李楠,李佳锴","喜剧,爱情,动画,奇幻",中国大陆,汉语普通话,2024,https://ukzy.ukubf3.com/share/gjU2UI8Rnlg9lU9Y,https://img.ukuapi.com/upload/vod/20240816-1/34f4209a35abf92c2ca22dd82f0db0e3.jpg,南宋临安，小白五百年后终于觅得阿宣的转世—许仙，二人断桥相遇。小白小青隐身街巷，和许仙还有姐夫李公甫一起开始了人间的热闹生活。却不想杭州城中突发怪事，金山寺法海除妖而来，意外揭开了小白和小青的蛇妖身份，许仙惊恐目睹小白化身巨蟒……浮生中这一场生死情劫，许仙值得吗？,7.1
生死试炼,郭爽,"杨德战,吴双,黄涛,赵亦骥,王茂蕾,喻亢",冒险,中国大陆,汉语普通话,2024,https://ukzy.ukubf3.com/share/LnfvINcRc7XBq4ss,https://img.ukuapi.com/upload/vod/20240816-1/4482024c97f7f5f32f21ab6cc8f539fb.jpg,江湖传说“五毒试炼”是一场生死游戏，只有一位生还者可获黄金千两。神秘浪客林云与乔雨、风益阳等人一起过五关斩六将，闯关中相互厮杀，五毒心贪婪、愤怒、痴念、傲慢、猜忌的人性黑暗面暴露无遗。林云和乔雨，上演计中计，一举除掉幕后主使，成功复仇。,4.0
逆行人生,徐峥,"徐峥,辛芷蕾,王骁,贾冰,冯兵,丁勇岱,丁嘉丽,陈哈琳,邬家楷,刘美含,黄小蕾,于和伟,马东,梁静,张占义,吴彼,周铁男,王啸宇",剧情,中国大陆,汉语普通话,2024,https://ukzy.ukubf3.com/share/GKORPfck3hggC7lk,https://img.ukuapi.com/upload/vod/20240816-1/96a78d297e25839f312b738ab468db98.jpg,曾经意气风发的高志垒（徐峥饰）在生活的重压下，中年“失速”偏离了原本的生活轨迹，一时意气用事的决定，让他瞬间从家人的“小骄傲”变成了社会的“边角料”。然而，他未曾料到，这仅是他“逆行人生”道路上的起点。接连不断的变故如疾风骤雨般袭来，迫使他不得不重新面对自我。当生活的重担真正压肩，他选择成为一名外卖员，从新的起点重新出发，穿梭于都市大街小巷的高志垒在路上结识了一众志同道合的“骑士”伙伴，在共度的时光里他深切的体会到了人间的冷暖真情，逐渐在这条充满磨砺的“逆行道”中找回曾经丢失的勇气与信念，重新定义人生新的方向。本片根据清明原著《逆行人生》改编。,6.8
因果报应,Nithilan Saminathan,"维杰·西图帕提,阿努拉格·卡施亚普,玛玛塔·莫汉达斯,Natarajan Subramaniam,Abhirami,Divya Bharathi,Singampuli,Aruldoss,Munishkanth,Sachana Namidass,Vinod Sagar,Manigandan,Kaalaiyan,Lizzie Antony,Mullai Arasi,巴拉蒂·拉贾,Thenappan P.L.,Poovaiyar,Vetrivel Raja,Mohan Raman","剧情,动作,惊悚,犯罪",印度,泰米尔语,2024,https://ukzy.ukubf3.com/share/3YxpLhQBwMenAXiJ,https://img.ukuapi.com/upload/vod/20240815-1/8b10385056779ad83d711bda6961e3de.jpg,在一个宁静的社区里，受人尊敬的中年理发师马哈拉吉与女儿乔蒂和拉克希米住在一起。当马哈拉吉向警方报案称有蒙面入侵者袭击了他并抢劫了拉克希米时，当局却拒绝了这一说法，并怀疑她所失财物的真实性。尽管他多次试图寻求帮助，但他还是不惜一切代价，甚至在女儿回来之前亲自调查。随着疑点越来越多，马哈拉吉的理智受到质疑，谜团也越来越深……,8.2
血光光五人帮,石井隆,"佐藤浩市,本木雅弘,根津甚八,椎名桔平,竹中直人,北野武,木村一八,岩松了,川上麻衣子,栗山千明,永岛映子,永岛敏行,鹤见辰吾,津田宽治","剧情,动作,犯罪",日本,日语,1995,https://ukzy.ukubf3.com/share/CGJ1tlRpBZPSXeAv,https://img.ukuapi.com/upload/vod/20240814-1/695fd8e836d254f179e99419e245f7bb.jpg,泡沫经济的崩溃，使原本经营迪斯科一帆风顺的万代树木彦（佐藤浩市饰）欠下黑帮大越组巨额债务。很快万代和受气包小职员萩原（竹中直人饰）、美型男妓三屋（本木雅弘饰）走到一起，三人一拍即合，策划抢夺大越组的巨额资金。不久，大越组不成气候的小弟吉米（椎名桔平饰）和前警察冰头（根津甚八饰）亦加入进来，五人组正式结成。万代等人成功洗劫了大越组，然而大越组很快发现吉米泰国籍女友的护照一同丢失，于是顺藤摸瓜查出抢劫者身份，随后雇用冷血杀手京谷一郎（北野武饰），对他们展开残酷狩猎……,7.6
重见天日 2024,霍穗强,"元秋,伍允龙,嵇嘉禾,雷牧,陈之辉,周小飞,叨叨,刘亚西,许占伟,帕维尔,Neguin,乔曼,杨芷晴","喜剧,动作",中国大陆,汉语普通话,2024,https://ukzy.ukubf3.com/share/sGkNqRy8F6H4JblT,https://img.ukuapi.com/upload/vod/20240815-1/5e101d8fe606d044fe03f4ff7acd5978.jpg,讲述了女子监狱中令人闻风丧胆的“慈母”老梁（元秋饰）和青龙帮“昔日杀神”儿子阿鬼（伍允龙饰），在错误的时机错误相遇，却成就了一段彼此救赎、彼此成全的奇妙缘分，引发了一系列啼笑皆非却热血澎湃的乌龙事件。,1.7
印度英雄2,S·尚卡尔,"卡马尔·哈山,拉库尔·普雷特·辛格,卡加·艾嘉,悉塔尔特,Samuthirakani,杰森兰伯特","剧情,动作,惊悚",印度,泰米尔语,2024,https://ukzy.ukubf3.com/share/KJoW9LITFFfYgo4l,https://img.ukuapi.com/upload/vod/20240814-1/56debe77c869aee8849b7c9c4478d7ed.jpg,塞纳帕提（Senapathy）是一名前自由战士，后转为打击腐败的义务警员。塞纳帕提回到国内，帮助一名通过互联网视频揭露国内腐败政客的年轻人。,2.8
设计者,李耀燮,"姜栋元,李茂生,李美淑,金弘波,李钟硕,金新绿,李铉旭,李东辉,郑恩彩,汤峻相","剧情,悬疑,犯罪",韩国,韩语,2024,https://ukzy.ukubf3.com/share/hLUZylFxkj2WHXT4,https://img.ukuapi.com/upload/vod/20240817-1/8a3a95cfb60d090ae76faf72094544f4.jpg,影片翻拍自2009年的香港电影《意外》，讲述将雇凶杀人捏造成事故的组织在接到新的委托后开始的故事，杀手荣日（姜栋元饰）在捏造杀人的过程中经历了突发事故，他为了找出幕后主使而怀疑身边所有人。,5.1
复仇长官,杰西·约翰逊,"欧嘉·柯瑞兰寇,亚历克斯·帕蒂弗,艾伦·艾克哈特,拉埃蒂茨亚·伊杜,丹尼尔·伯哈特","动作,犯罪",美国,英语,2024,https://ukzy.ukubf3.com/share/BbRZBluwF25wBOxi,https://img.ukuapi.com/upload/vod/20240810-1/649b316ad1f521eca4e3debfee3a4ab0.jpg,"Afterlearningthatthedeathofhiswifewasnotanaccident,aformerCIAStationChiefisforcedbackintotheespionageunderworld,teamingupwithanadversarytounravelaconspiracythatchallengeseverythinghethoughtheknew.",3.1
亲友皆死,马库斯·邓斯坦,"杰德·佩蒂约翰,乔乔·西瓦",恐怖,美国,英语,2024,https://ukzy.ukubf3.com/share/W5l07CioaYCxy4Fz,https://img.ukuapi.com/upload/vod/20240810-1/6175f567c76120c5e43169a9b9a201bf.jpg,"AgroupofcollegefriendsrentanAirbnbforthebiggestmusicfestivaloftheyear.Aweekendofpartyingquicklytakesaturn,asthegroupismurderedonebyone.",4.8
幸福的振秀,尹在元,"孔明,朴素珍,李胤熙,吴万锡,车清华,최시온,池建玗,김빛나리,朴钟焕,정성호,金宇赫,윤세현,이상운",剧情,韩国,韩语,2020,https://ukzy.ukubf3.com/share/ZReclVeX2GkJbF5C,https://img.ukuapi.com/upload/vod/20240814-1/2b6535ece84b5545bdeeb2d7152e11ba.jpg,该剧是以现代人之间流行的“小确幸”为主题，讲述为了克服日程生活中的压力，主角珍秀拥有12种小幸福，并与在这些幸福中出现的女主发生的浪漫故事。,7.6
阴阳守山人,姚大先,"葛帅,王瑞雪,范正军,朱新同,陈佑俊,苌哲涛,谢易真","悬疑,惊悚",中国大陆,汉语普通话,2024,https://ukzy.ukubf3.com/share/94CHJfq1grF0vW8I,https://img.ukuapi.com/upload/vod/20240814-1/0c389ca7f3cf549fe26eaaaa7c4caf7b.jpg,民国初年，军阀横行妖魔当道，日本人觊觎我中华领土，加快了入侵的步伐。日本阴阳师肩负神秘使命，以文化交流的名义先期进入中国，图谋寻找中华龙脉，坏我华夏风水，为后期侵略图谋铺路。以七叔为首的中国民间道士最终识破日本阴阳师的阴谋，肩负起民族大义，舍身守卫龙脉，与日本阴阳师展开了一场阴谋与道法的较量……,2.7
数码宝贝02：最初的召唤,田口智久,"片山福十郎,野田顺子,亚瑟·朗斯贝里,高桥直纯,朝井彩加,远近孝一,山谷祥生,浦和惠,榎木淳弥,松本美和,市道真央,德光由禾,绪方惠美,钉宫理惠","动画,冒险",日本,日语,2023,https://ukzy.ukubf3.com/share/IVayBsXHGcRA5NOm,https://img.ukuapi.com/upload/vod/20240814-1/dd32c97ab477e51eb9bfbde58efe854d.jpg,2012年2月，东京铁塔上空出现了巨大的数码蛋。就在本宫大辅（20岁）和V仔兽修行拉面技艺的时候，遇到了虽然拿着有裂纹的数码器，但身边没有搭档数码兽的迷之青年——自称“我没有数码兽，我的搭档数码兽被我杀了，我是世界上最初和数码兽建立搭档关系的人类。”,5.8
穿过月亮的旅行,李蔚然,"张子枫,胡先煦,仁科,长江,黄小蕾,赵小棠,生港帅,袁文康,陈妍希,吴宣仪,李嘉琦,管乐,杨九郎,张占义,冯绍峰,钱漪,张祐维,李晨,张百乔,王影璐,茂涛,李宗恒,吴昊宸,韩云云,吴雨雪,王天放","剧情,爱情",中国大陆,汉语普通话,2024,https://ukzy.ukubf3.com/share/ZPJCIWqiqAfR2HOV,https://img.ukuapi.com/upload/vod/20240811-1/1465ce5530921b919f85aff0c17623b3.jpg,我爱你，愿赴千里，我想你，即刻出发。电影改编自迟子建小说《踏着月光的行板》，讲述了一对新婚燕尔的恩爱小夫妻林秀珊（张子枫饰）、王锐（胡先煦饰），因工作分居两地，见面十分不易。一个惊喜假期来袭，他们踏上了一段双向奔赴的纯爱之旅，列车行驶于黑暗中，两人欣喜地期待着黎明。途中他们遇见了形形色色的乘客，见证了人生百态，也领略了爱情的真谛。疲惫的一天过去，月亮高挂时，他俩是否实现了小小的心愿？,6.7
林中陌客,Adam Newacheck,"Holly Kenney,Brendin Brown,Paris Nicole,Radek Antczak,Teddy Spencer,Devon Stewart",惊悚,美国,英语,2024,https://ukzy.ukubf3.com/share/iRZqiBDHTFIfC2kv,https://img.ukuapi.com/upload/vod/20240814-1/bf9a8b2a3c4a95d5c0026b96f0bc0f0d.jpg,一位悲痛欲绝的女士被她的朋友们带到一个偏僻的小木屋度假放松心情，这群朋友担心着她随时会结束自己的生命。,4.7
填词L,黄绮琳,"钟雪莹,陈毅燊,吴冰,邓丽英,陈书昕,周汉宁,葛民辉,邵美君,潘宗孝,胡子彤,戴玉麒,谢雅儿,王颐,何求,朱栢康,何洛瑶,谢俊霆,李雨珊,马念先,邱志宇,杨伟伦,吴家忻,梁仲恒,林千渟,罗浩铭,邓丽欣,周祉君,潘源良,梁柏坚,陈柏宇,曾翠珊,陈咏燊,卓韵芝",剧情,"中国香港,中国台湾","粤语,汉语普通话",2023,https://ukzy.ukubf3.com/share/JI4Tk7VPot3ux4eF,https://img.ukuapi.com/upload/vod/20240810-1/9944acefde57f0172c364d6f86f0e243.jpg,「天生我材必有用」，罗颖诗误信师长的谗言，认定写歌词是她这辈子的使命，立志要当填词人！好事多磨，尽管阿诗扭尽六壬、奇招百出，一边增进填词功力、一边广结善缘，仍未能成功入行，做不成填词人，反沦为填词L。「只要有恒心，铁柱磨成针」，填词L背着梦想的包袱在填满遗憾的道上狂奔！电影史上首部关于粤语歌词的作品，由新世代填词人兼金像奖新演员钟雪莹主演、新晋导演黄绮琳编导，继《金都》后又一清新细腻之作，不容错过。,7.3
魅杀2,Jayprad Desai,"塔丝·潘努,维克兰特·梅西,桑尼·考沙尔,吉米·舍尔吉勒,Gautam S. Gadaballi,Vivek Jha","剧情,爱情,悬疑,惊悚,犯罪",印度,印地语,2024,https://ukzy.ukubf3.com/share/oOiZlXEtLyecFdjp,https://img.ukuapi.com/upload/vod/20240809-1/8f9a36fd78a1c1843c50b66bc094d62d.jpg,在阿格拉躲避警方追捕时，拉妮和利休计划一起逃跑。但他们的任务出了岔子，于是拉妮向一位温文尔雅的仰慕者求助,3.5
热血天使,金鑫,"徐冬冬,唐文龙,冯言彦,汤镇业","警匪,犯罪",大陆,国语,2024,https://ukzy.ukubf3.com/share/SCRhIa2yIpjYsRf6,https://img.ukuapi.com/upload/vod/20240810-1/a15ce0071f4d629734ebf5c67f90c420.jpg,影片讲述了漂泊异乡的唐人街大姐大关星，凭借着坚韧的心性，克服了种种困难，最终赶走了当地黑恶势力，守护了唐人街的故事。女主角关星既肯吃苦又勤劳勇敢，遇到了各种困难与挑战，在面对地痞的侵扰时，她坚决反击；遵循自己内心的道德与正义感。,0.0
人狗情未了,吴叶彬,"毕如意,马犬bo,s,s",剧情,中国大陆,汉语普通话,2024,https://ukzy.ukubf3.com/share/H9zdbNc0T3w9KG1W,https://img.ukuapi.com/upload/vod/20240809-1/8463045fb6d3dfba3b3e883cf75206ab.jpg,感情受挫的陈亚楠一人来到偏僻孤岛被困，在岛上求生中救下一只被困的马犬（小八）。岛上陈亚楠多次遇到危险，都得到小八的相救。一次，小八为了救助陈亚楠被野人绑走，陈亚楠也奋不顾身去拯救小八，陈亚楠绝境时……,3.3
海关战线,邱礼涛,"谢霆锋,张学友,林嘉欣,刘雅瑟,吴镇宇,关智斌,陈家乐,卫诗雅,袁富华,米雪,石修,黄锦燊,杨天宇,龙玥心,黎峻,朱天,刘若宝,丘占辉","剧情,动作","中国香港,中国大陆","粤语,汉语普通话,英",2024,https://ukzy.ukubf3.com/share/HYmUHWYAKqtyUVrl,https://img.ukuapi.com/upload/vod/20240809-1/877d7d3a05391ca4ec5e805f13ac20a0.jpg,香港海关在一次例行海上巡逻中，查获一艘藏有大批杀伤力武器的货船，调查过程中遭遇一群海外势力轰炸抢夺。为追查走私真相，张允南（张学友饰）派出下属周正礼（谢霆锋饰）与国际刑警一同远赴海外，辗转庞大而复杂的军火黑市，顶着漫天炮火追查线索的周正礼刚有眉目，噩耗却突然从香港传来，原来军火失窃另有隐情……,6.1
寂静 2023,金泰昆,"李善均,朱智勋,金熙元,文成根,芮秀贞,朴喜本,朴柱炫,金太祐,金秀安","惊悚,灾难",韩国,韩语,2023,https://ukzy.ukubf3.com/share/ar3VEW1A0PZUmKZ9,https://img.ukuapi.com/upload/vod/20240807-1/82f4e66bf37a56715883a148cd6c0927.jpg,讲述仁川大桥上被孤立的人们与因“寂静项目”而诞生的生命体进行斗争的故事，将展现人类的不合理、科学技术的反作用，及华丽的动作戏。李善均饰演青瓦台保安室行政官“车政元”，送别前往澳大利亚留学的女儿后遭遇事故，无法挽回的时间逐渐变多，车政元是收拾这一烂摊子的角色。朱智勋饰演与宠物狗一起出动到事故现场的“赵博”一角，看起来很自私，但是他是一个用进取精神和积极行动为电影带来活力的角色。,5.2
快人一步,凯利·布拉茨,"埃里克·迪恩,K·J·阿帕,加里·维克斯,Nick DeKay,克莱尔·布朗森,Libby Blake","剧情,动作",美国,英语,2024,https://ukzy.ukubf3.com/share/1vmFHn8z2Rz811uD,https://img.ukuapi.com/upload/vod/20240809-1/a3ab1634e74419713895f07c89023c32.jpg,IttellsthestoryofadischargedsoldierwhoseeksouthisfathertohelphimwithhisdreamofracingSupersportmotorcycles.,4.3
闹事之徒,道格·里曼,"马特·达蒙,卡西·阿弗莱克,迈克尔·斯图巴,保罗·沃尔特·豪泽,朗·普尔曼,周洪,文·瑞姆斯,阿尔弗雷德·莫里纳,Richie Moriarty,杰克·哈洛,Jerry Kernion,多恩·迪皮塔,迈克尔·罗德里克,黛德利·麦克科特,David Gborie,罗伯特·沃克·布兰乔德,Craig Castaldo,Jay Giannone,杰森·弗拉尼,肖恩·菲茨吉本","剧情,喜剧,动作,悬疑,惊悚,犯罪",美国,英语,2024,https://ukzy.ukubf3.com/share/88ytvKMuJVq26nWS,https://img.ukuapi.com/upload/vod/20240809-1/3469f0bb798b5301eb6a44fc7fe51169.jpg,故事发生在波士顿，讲述绝望的父亲被迫联手一名惯犯，洗劫腐败的政客，在劫案出了岔子之后，二人在一位心理治疗师的帮助下，寻找活命的出路。,1.1
跨界任务,李明勋,"黄政民,廉晶雅,全慧珍,郑满植","喜剧,动作",韩国,韩语,2024,https://ukzy.ukubf3.com/share/g46vo8wxaRB4STYI,https://img.ukuapi.com/upload/vod/20240809-1/27425ae2682f90513e3e0ef4aae98a9b.jpg,曾是特工的家庭主夫姜武（黄政民饰）被卷入危险的任务，同样牵连其中的刑警妻子美善（廉晶雅饰）却浑然不知他的过去，婚姻这下受到了终极考验。,2.6
深居其中,比沙尔·杜塔,"梅根·苏丽,尼鲁·巴杰瓦,莫哈纳·克里希南,贝蒂·加布里埃尔,维克·萨海,盖治· 玛什,杰米·艾夫斯,辛达塔·明哈斯,塞莎·穆尼,杰娜亚·罗斯,佩奇·肖,桑吉塔·怀利,卡洛·余","剧情,惊悚,恐怖",美国,"英语,印地语",2023,https://ukzy.ukubf3.com/share/aHoYchDN0Szk7rRA,https://img.ukuapi.com/upload/vod/20240807-1/f82f86bdf8f4eb4748b008275bd66225.jpg,出身传统印度家庭的印度裔美国少女珊米妲（梅根·苏丽MeganSuri饰），渴望融入美国自由的高中生活，拒绝接受母亲不停灌输的印度传统文化，也疏离了同样有印度血统的童年好友塔米拉（莫哈纳·克里希南MohanaKrishnan饰）。她发现这位曾经的好友渐趋诡异，不仅随身携带空玻璃罐，不安地振振有词碎念，还散发令人不适的腥臭味。某日，塔米拉找上珊米妲求救，但珊米妲再也受不了她的奇怪行径，一怒之下打破了她手上的玻璃罐，没想到却因此释放出古老的印度恶鬼「毕舍遮」，让身边的人们开始陷入一连串无可预期的灾难，而恶鬼也正一步步向自己逼近……,4.5
逃鲨,约阿希姆·赫登,"朱利安·山德斯,阿历克斯·阿诺,杰克·帕尔,金·斯皮尔曼,艾琳·马伦,Maxime Durand,阿尔洛·卡特,William Erazo Fernández",惊悚,英国,英语,2024,https://ukzy.ukubf3.com/share/Au80c9wubPdDOnev,https://img.ukuapi.com/upload/vod/20240808-1/658a730e330e151456ec9337b7adffc5.jpg,一群大学时的老朋友在加勒比海潜水之旅中重聚，探索二战战舰的残骸，发现自己被困在由大白鲨包围的生锈金属水下迷宫中。,1.2
二郎神之深海蛟龙,王君,"齐克建,陶洪泽,梁晓强,凌振赫,云鹤追,李昊甲,柒夜,林强,胡亚捷,杨佾璇,路扬,王婷,巴赫,赵明洲,伊东沙弥佳,郭政建,栾立胜,魏一凡,黄浩斌",动画,中国大陆,汉语普通话,2024,https://ukzy.ukubf3.com/share/toMFnFU5GB1uQT95,https://img.ukuapi.com/upload/vod/20240807-1/ff4f2d04ca6c28f219cb67214af4cdca.jpg,上古时期，神工与鬼斧合力将祸害人间的海域统领蛟魔王囚禁于江海交汇处。为束缚住强大的蛟魔王，鬼斧牺牲肉身化作元神，注入神工所打造的用于囚禁蛟魔王的法器中。封神大战结束，墨麒麟和小蛟龙屡次触碰囚禁法器企图释放蛟魔王。于是在姜子牙的推荐下，玉帝决定启用曾经的战神二郎神来执行缉拿墨麒麟的任务。可在捉拿的过程中，二郎神却陷入了一场巨大的惊天阴谋中。,3.2
云边有个小卖部,张嘉佳,"彭昱畅,周也,艾丽娅,陈贤恩,孔连顺,张艺凡,田依桐,林家川,王珞丹,王大陆,马伯骞,孟子义,陈妍希,李嘉琦,张祐维,易小星,滕哲,王天放,沈南,刘昊然,乔杉,赵露思","剧情,爱情,家庭",中国大陆,汉语普通话,2024,https://ukzy.ukubf3.com/share/Xv5ZQc8haaeVHUW8,https://img.ukuapi.com/upload/vod/20240808-1/18f7dc0c468eda69e6f84bb281213a81.jpg,普通青年刘十三（彭昱畅饰），在城市中迷失自我，被外婆（艾丽娅饰）带回了故乡，一个云边的小镇。童年好友程霜（周也饰）和外婆陪伴着他，刘十三度过了一段平静的时光。他沿着祖祖辈辈留下的痕迹，认真倾听小镇的呼吸，在伸手能摸到云的小卖部，在高山与大海之间，在院子的桂花树下，逐渐走出往日的迷惘。有些人刻骨铭心，没几年就遗忘。有些人不论生死，都陪在你身旁。,5.1
魔人刽子手,布鲁斯·温普尔,"Lindsey Dresbach,LeJon Woods,Richard Lounello",恐怖,美国,英语,2024,https://ukzy.ukubf3.com/share/YYP9mOgKl7EMwa6q,https://img.ukuapi.com/upload/vod/20240806-1/1de870ee65d0f7caeb289fcbd05e0899.jpg,讲述Leon为了修补他和十几岁儿子之间的关系，带着儿子到了某个深山露营。第二天早上Leon醒来却发现儿子失踪了，万分焦急的他在寻找过程中刚发现在这座深山中的神秘组织，这个神秘组织召唤出了可怕的恶魔危害人间。,3.2
蒜香满屋,陈佑渔,"周源,久小七,陈卫跃,崔馨桐,高佳依,陈佑渔,许慧琴,竺纯伊","剧情,喜剧",中国大陆,汉语普通话,2024,https://ukzy.ukubf3.com/share/TCoOmmHlxtIxyUvp,https://img.ukuapi.com/upload/vod/20240808-1/61436b40cb429afbea4623364f23bf80.jpg,"城市大龄女孩躺躺爱上了快递员久小七,正当他们打算步入婚姻殿堂时遭到了女方母亲薛婶的反对,薛婶用房子作为条件逼久小七放弃自己女儿.一对新人和薛婶玩起了各类战术.薛婶无奈只能设局考验这个准“女婿”,没想到久小七却没有按照薛婶的剧本走.最终他没有买房,没有彩礼便成功迎娶了躺躺……",2.2
城市猎人 天使之泪,"儿玉兼嗣,竹内一义","神谷明,伊仓一惠,麻上洋子,玄田哲章,小山茉美,泽城美雪,堀内贤雄,户田惠子,深见梨加,坂本千夏,栗田贯一,大塚明夫,关智一,木村昴,田中秀幸",动画,日本,日语,2023,https://ukzy.ukubf3.com/share/7fUHwTF7ikalR2UX,https://img.ukuapi.com/upload/vod/20240809-1/63a6e5adee76941716ba7b423a512e41.jpg,故事讲述枪法一流但好色风流的孟波，及欢喜冤家槙村香共同经营以“城市猎人”为名的私人侦探事务所。只要在新宿车站的留言板上写下“城市猎人”的委托暗号“XYZ”，他们就会考虑你的委托。这次，“城市猎人”收到视频创作者安芝的委托，委托内容居然是寻找一只逃跑的猫咪。尽管这个委托看似平凡，却隐藏了不为人知的秘密，孟波被安芝的美貌所吸引，香则为高额的报酬心动不已。两人在寻找逃跑猫咪的过程中，逐渐发现事情并不简单，而背后的真相也逐渐浮出水面，宿命对决即将展开……,3.7
老师！是裂口女！,中元雄,"木户大圣,黑崎莉奈,上野凱,屋敷纮子,里里佳,和田雅成,大迫茂生,島丈明,吉田凛音,市川理矩,イマムラキョウカ,大熊花名実,遠藤雄斗,工藤孝生,内田奈那,六平直政","喜剧,恐怖",日本,日语,2023,https://ukzy.ukubf3.com/share/ix5PZdWOtqwsSFEe,https://img.ukuapi.com/upload/vod/20240807-1/7fef492dba1591842fb459bed228d3b8.jpg,"高中生阿武和F1偷电动车，卖给一帮不良少年兼职赚钱。一天，转学到阿武学校的绫香加入了他们，三人决定一起偷电动车。当他们像往常一样试图偷一辆停在荒废公寓里的轻便电动车时，却被一个蒙面女人发现，她似乎就是车主。阿武和他的朋友们急忙骑着摩托车逃跑，但他们很快就被一个女人追上了，这个女人的奔跑能力让人觉得她几乎没有人性。这个戴面具的女人就是传说中能在6秒内跑完100米的""裂口女""！他们的命运将会如何？裂口女的真实身份又是谁？",2.4
爷孙搭档,Benedict Mique,"Euwenn Mikael Aleta,尼科·安东尼奥,Joem Bascon,Iza Calzado,Juan Karlos Labajo,莎尔娜·玛格达瑶,Luka Sero,梅里尔·索里亚诺,Markki Stroem,乔尔·托雷,阿尔弗雷德·瓦尔加斯",剧情,菲律宾,菲律宾语,2024,https://ukzy.ukubf3.com/share/gIqwKvQjHHcbTgFJ,https://img.ukuapi.com/upload/vod/20240807-1/3c7981689e357e3a9f889845606cf38a.jpg,一名骗子和被他捡来的孩子专以窃取富人钱财卫生，但一个改变人生的机会有可能让相依为命的两人就此分离,2.4
视频恐惧症,宫崎大祐,"芦那堇,忍成修吾,廣田朋菜,梅田誠弘",剧情,日本,日语,2020,https://ukzy.ukubf3.com/share/qtesi5asLssGLfJ0,https://img.ukuapi.com/upload/vod/20240807-1/d48992d7aba1cb2e2260209270a51680.jpg,『大和（カリフォルニア）』『TOURISM』が国内外の映画祭で高い評価を得ている宮崎大祐監督によるスリラードラマ。大阪を舞台に、一夜を共にした男によってネット上に情事の動画を拡散されてしまった女性が味わうことになる恐怖や苦悩を映し出す。どこかディープな異世界にもリアルな現実世界にも感じさせるモノクロームの映像が印象的。女優になる夢に破れ、東京から実家のある大阪に戻った29歳の愛。それでも夢を追いバイトをしながら演技のワークショップに通う中、彼女は偶然出会った男と一夜限りの関係を持つ。数日後、愛はその夜の情事を撮影した動画がネットに流出していることに気づく。,2.7
六月之蛇,冢本晋也,"黑泽明日香,神足裕司,冢本晋也,寺岛进,不破万作","剧情,悬疑,情色",日本,日语,2002,https://ukzy.ukubf3.com/share/STfgmfs8vqaUnsDd,https://img.ukuapi.com/upload/vod/20240808-1/99c994d316161dedc541f597f56da053.jpg,六月的东京，连绵不断的梅雨，让人心烦意乱，欲念横生。供职于心理咨询室的少妇凛子（黒沢あすか饰）与丈夫（神足裕司饰）过着优渥的生活，然而夫妻虽然相爱，却因丈夫洁癖的原因始终没有性事。贤淑温良而又倍感压抑的凛子只能通过自慰寻求片刻的满足。某天，一个名叫道郎（塚本晋也饰）的男子被自杀的念头所困扰，于是打来电话求助。道郎在凛子的开导下渐渐摆脱自杀的泥潭，却转而沉迷于凛子的温柔中。他以凛子自慰的照片作要挟，逼迫这个一贯保守的女子做出一件又一件令她倍感屈辱的事情……本片根据导演塚本晋也的同名小说改编，并荣获2002年威尼斯电影节圣马科评审团特别大奖、2003年葡萄牙国际奇幻影展最佳女主角（黒沢あすか）和评审团大奖。,7.0
米老鼠的捕鼠夹,杰米·贝利,"西蒙·飞利普斯,苏菲·麦金托什,尼克·比斯库佩克,米雷耶·加涅,阿莱格拉·诺西塔,怀亚特·多里昂,麦肯齐·米尔斯,达米尔·科维克,卡勒姆·斯维克,詹姆斯·劳林,玛德琳·科尔曼,凯莉·斯泰尔斯,利亚姆·格鲁,赫塞·纳史密斯,本·哈里斯","喜剧,恐怖",美国,英语,2024,https://ukzy.ukubf3.com/share/nR2lGum2DJA0AQ3m,https://img.ukuapi.com/upload/vod/20240807-1/07836f4ae0c6c1773f3c164d901a4c30.jpg,今天是艾莉克斯21岁的生日，但她必须要在游乐场中值晚班，所以她的朋友们决定给她一个惊喜，但一个装扮成米老鼠的蒙面杀手却决定与他们玩一场自己的游戏，而她则必须生存下去。,3.5
热血杀手,,"于非凡,韩金明,刘奕灵,尼玛·央宗","动作,悬疑",大陆,,2024,https://ukzy.ukubf3.com/share/7JP3424C60LWFIfT,https://img.ukuapi.com/upload/vod/20240808-1/b2bd3fa77e6028c1258890115c6f44a0.jpg,民国年间军阀混战，帝国主义列强通过扶持军阀打代理人战争，以此攫取最大利益。张秋风，张秋云兄弟阴差阳错分别成了东洋和西洋博弈工具，两人在暗杀于督军的过程中，逐渐了解自己的身世以及父亲死因。国仇家恨下兄弟二人与帝国主义列强们展开了殊死搏斗。,0.0
乔塔·比姆和达米安的诅咒,拉吉夫·奇拉卡,"亚格亚·巴辛,桑杰·比什诺伊,沙吉·乔杜里","动作,冒险",印度,,2024,https://ukzy.ukubf3.com/share/bvUxEMYsh5zmOb7h,https://img.ukuapi.com/upload/vod/20240808-1/2806127c1ef30b9ab8450f9714a3f51f.jpg,Bheem和他的团伙回到过去，找到Damyaan国王并阻止他获得永生。,3.4
狄仁杰之天宫蜃楼,黄家辉,"张子健,徐少强,米雪","悬疑,武侠,古装",中国大陆,,2024,https://ukzy.ukubf3.com/share/xFK6Loh0g9inh0ip,https://img.ukuapi.com/upload/vod/20240806-1/d6d1a2d2e38769ff56e9578d8f8f916f.jpg,,0.0
饥饿英亩,达恩·科科塔杰洛,"马特·史密斯,莫菲德·克拉克,艾琳·理查兹,肖恩·吉尔德,罗伯特·埃姆斯,罗杰·巴克莱,玛蒂尔达·弗思,George Arthur,Rocco Haynes,Arthur Shaw,Lewis Kayne,Neilesh Ambu,Antony Barlow",恐怖,英国,英语,2023,https://ukzy.ukubf3.com/share/YGXdxi20B1fb78LR,https://img.ukuapi.com/upload/vod/20240805-1/cfe56151cd066b060d8aaf22313e7ca0.jpg,本片基于安德鲁·迈克尔·赫利所著小说，探索在超自然民间传说统治的世界中遗传的创伤和损失，设定在1970年代的英格兰乡村，理查德和朱丽叶夫妇过着田园诗般的家庭生活，这种稳定在他们儿子伊万开始表现出性格失常时陷入混乱，对曾经幸福的夫妻制造了不可逾越的隔阂。在他们偏远的家乡StarveAcre，考古学家理查德努力探索一个民间传说——他们土地上的古老橡树充满了非凡的力量。当妻子朱丽叶向当地社区寻求某种平静时，理查德痴迷于深入挖掘，一个意想不到的发现很快引起了这对夫妇的注意，而黑暗和险恶的力量在不知不觉中进入家中，为他们之间重新建立联系提供了令人不安的可能性。,1.7
当你沉睡时,张允炫,"秋瓷炫,李茂生",爱情,韩国,韩语,2024,https://ukzy.ukubf3.com/share/vu36CQJAcicvB31t,https://img.ukuapi.com/upload/vod/20240804-1/774eb5289bbb4a10011f02ac6e216711.jpg,该片由曾执导过《连接》、《爱的肢解》等片的张允炫导演执导。秋瓷炫将在影片里饰演尹德熙，她和大学时代的恋人金俊硕（李武生饰）结婚后，过着幸福的生活，但在经历了事故后，丧失了记忆。,2.1
天降幸运,伍迪·艾伦,"璐·德·拉格,尼尔斯·施内德,梅尔维尔·珀波,瓦莱丽·勒梅西埃,格莱高利·嘉德波瓦,吉约姆·德·东克戴克,艾尔莎·泽贝斯坦,安娜·卢瓦雷,萨拉·马丁斯,阿诺·维亚德,威廉·纳迪兰,珍妮·布尔诺,恩尼克·乔雷特 ,菲利普·乌禅,伯努瓦·弗加德,山姆·米尔胡塞尼,埃米利·因斯尔蒂·福门蒂尼","剧情,喜剧,爱情,惊悚","法国,美国,英国",法语,2023,https://ukzy.ukubf3.com/share/5zWksjeH6UNNYiJF,https://img.ukuapi.com/upload/vod/20240805-1/e52d7e460d3d2a4cbe5a7fcd547ab9aa.jpg,影片是伍迪·艾伦的第50部电影长片，故事以当代巴黎为背景，围绕着两个年轻人之间的浪漫故事展开，他们是老友，步入婚姻殿堂后，却逐渐演变为对婚姻不忠，最终走向犯罪。,6.6
鬼舞村:诅咒起源,奇摩·斯丹波尔,"奥莉亚·萨拉,Maudy Effrosina,Jourdy Pranata,M. Iqbal Sulaiman,Ardit Erwandha,Claresta Taufan Kusumarina,Diding Boneng,Aming Sugandhi,Dinda Kanyadewi,Pipien Putri,Maryam Supraba,Bima Sena,Putri Permata,Baiq Vania Estiningtyas Sagita,Baiq Nathania Elvaretta Sagit","悬疑,惊悚,恐怖",印度尼西亚,印度尼西亚语,2024,https://ukzy.ukubf3.com/share/BiB1XeT5IU4UC1hA,https://img.ukuapi.com/upload/vod/20240804-1/4659b6523a6b1ac235ab942af4d510e5.jpg,为了拯救罹患重病的母亲，女大学生米拉（莫迪埃夫罗西娜饰）跟一群朋友前往偏远的山村「舞者村」，要将母亲收藏的手环归还给守护当地的妖怪「巴达拉乌希」（奥若拉莎拉饰），结果却意外引发一连串恐怖的遭遇……。,4.1
曼哈顿先生,Brian Herzlinger,"Carlos PenaVega,阿丽夏·维加,Maximo Masefield,Francesca Barker McCormick","喜剧,爱情",美国,英语,2024,https://ukzy.ukubf3.com/share/9iCHfDWVdA6kLHNg,https://img.ukuapi.com/upload/vod/20240804-1/aa76c33595b543285336b1f2308fc366.jpg,梅森·布拉德利(MasonBradley)在优先考虑自己的法律事业并结束订婚后，意外地成为已故兄弟孩子的唯一监护人，他的生活从此发生了翻天覆地的变化。,2.6
纽约侠客行,杰里米·德格鲁森,"埃里克·朱多尔,让-帕斯卡尔·扎迪,安娜·吉拉多特,Chris Marques,Laurence Huby,Jean-François Lescurat,Bernard Bollet,Frédéric Philippe,Garlan Le Martelot,凯西·沙斯,Xavier Fagnon,Philippe Frécon,Pauline Brunel,Solange Boulanger,Serge Biavan,Magalie Mateci,Antonella Colapietro,Virginie","动画,家庭,奇幻,冒险","比利时,法国,西班牙",英语,2023,https://ukzy.ukubf3.com/share/lxVCMP91z1PTOs9G,https://img.ukuapi.com/upload/vod/20240806-1/e9ba09758c117f8f2da366f91b857c1f.jpg,这部有趣的冒险片讲述了一个离家出走的木偶和一个被遗弃的毛绒动物玩具在中央公园相遇的故事，两位角色都怀揣着无限想象力和渴望友谊的心。尽管遭遇了不幸的遭遇，他们还是成为了好朋友，并在大城市中展开了一次史诗般的冒险。,7.0
错过你的那些年,藤井道人,"许光汉,清原果耶,张孝全,道枝骏佑,黑木华,山中崇,松重丰,黑木瞳,屈中恒,郁方,北村丰晴,曾少宗,廖慧珍,陈妍霏,李冠毅,洪群钧,刘主平","剧情,爱情","中国台湾,日本","日语,汉语普通话",2024,https://ukzy.ukubf3.com/share/dPTjoieYbQFetTxi,https://img.ukuapi.com/upload/vod/20240803-1/639df3e709a7b2872492e1fa51ae4b0a.jpg,回首青春，这些年最不想错过的人，一直是你。可我这一次，真的错过你了。影片以游记随笔《青春18×2日本慢车流浪记》为原型。18年前，来自日本的背包客阿美（清原果耶饰）来到了高中生吉米（许光汉饰）打工的店中，两人在同一家店中一同工作度过了一个夏天。吉米渐渐对阿美产生好感，然而阿美将回到日本。面对无法整理心情的吉米，阿美提出了“一个约定”……时光流逝，回到老家的吉米发现了阿美18年前从日本寄来的明信片。初恋的记忆涌现，吉米乘上通往阿美的故乡的列车，开始了独自一人的日本之旅。,7.4
扣留,Felipe Mucci,"艾比·考尼什,穆恩·布拉得古德,拉兹·阿隆索,塞拉斯·威尔·米切尔,贾斯汀·闵,布瑞达·伍尔",惊悚,美国,,2024,https://ukzy.ukubf3.com/share/2NiAT036620mLVmq,https://img.ukuapi.com/upload/vod/20240805-1/28c62c806f62be68aa07d9ae5a985700.jpg,"Awomanwakesupinapoliceinterrogationroomwithnomemoryofthenightprior.However,somethingdoesnotseemquiterightinthispolicestation.",1.5
遗弃之地,Jason Satterlund,"Jonathan Rosenthal,Tamara Perry,Regis Terencio","科幻,惊悚,恐怖",美国,英语,2024,https://ukzy.ukubf3.com/share/MUNJlQbmOHJHp9DA,https://img.ukuapi.com/upload/vod/20240805-1/df1d75ecb078774f98c7c7cb71f053fb.jpg,Awoundedsoldierawakensinastrangecubethattestshisphysicalandmentallimitsasheattemptstofindawaytoescapeagainstatickingclock.,3.7
给我个机会,尚皮耶·亚莫斯,"露安·艾梅哈,米歇尔·布朗,维克多·贝尔蒙多,菲利普·雷博,娜塔莉·理查德,亚历山德拉·詹蒂尔,Ekaterina Rusnak,Ambre Munié,萨缪尔·麦斯伯格,Tobias Nuytten-Vialle,Vincent Bramoullé,Aurelie Lema, 马蒂厄·珀罗托,Marie-Pierre Bellefleur,克里斯托夫·恩塔卡巴尤拉,伯特兰·纳德勒,加布里埃尔·阿杰,埃文斯·阿比德,Stéphanie Bataille,Zara Saadi","剧情,喜剧",法国,法语,2023,https://ukzy.ukubf3.com/share/TbmmLumP4meRagXL,https://img.ukuapi.com/upload/vod/20240805-1/cf99e657966677d2c792fd41f1ef938a.jpg,Ayoungwomanjugglingbetweenoddjobstosupportheragoraphobicfather.,2.7
简如西尔万,莫妮亚·肖克里,"玛加丽·列平·布隆多,皮埃尔-伊夫·卡迪纳尔,弗朗西斯·威廉·雷奥姆,莫妮亚·肖克里,史蒂夫·拉普兰特,Marie-Ginette Guay,米其林·兰克图,Guillaume Laurin,Linda Sorgini,Mathieu Baron,克里丝汀·博利厄,卢布娜·普莱奥斯特,Johanna Toretto,Jordan Arseneault,Guy Thauvette,Eve Aubert,Lila Sofia Houle,Zack Charbonneau,Jade De Bruto,Kenny","剧情,喜剧,爱情","加拿大,法国",法语,2023,https://ukzy.ukubf3.com/share/s9IHa1Ow7o0XRCZ3,https://img.ukuapi.com/upload/vod/20240805-1/e2e0dd236b32e2765aab1bdad8d33002.jpg,索菲亚(Sophia)是一位40岁的哲学教授，她与泽维尔(Xavier)的关系稳定，尽管有些符合社会规范。从画廊开幕到没完没了的晚宴，十年已经过去了。西尔万是一位工匠，正在翻修索菲亚和泽维尔的新乡间别墅。当索菲亚和西尔万相遇时，索菲亚的世界发生了天翻地覆的变化。异性相吸，但它们能长久吗？,6.9
潜艇总动员：寻龙,内详,内详,"动画,冒险",中国大陆,汉语普通话,2024,https://ukzy.ukubf3.com/share/kjlQnRN9DYniHXUd,https://img.ukuapi.com/upload/vod/20240805-1/35253fd13349f92e7dc19ec889c1b932.jpg,深深海基地由于被传说中海怪袭扰启动了抓捕计划，逗号却发现海怪其实只是一只可爱的小龙，在逗号和小伙伴的不懈努力下终于化解了海怪的误解，并让小龙和龙妈妈重聚。,1.8
沙漠袭击,Raouf Abd El Aziz,"哈弗波·朱利尔斯·比昂森,迈克·泰森","动作,惊悚,冒险",埃及,"阿拉伯语,英语",2019,https://ukzy.ukubf3.com/share/NOmXJh3h2Uqs5til,https://img.ukuapi.com/upload/vod/20240804-1/8a3c7b933a549b3da89085b36d793252.jpg,Anex-militarymanwithamysteriouspastleadsagroupofEgyptianrefugeesthroughthedesertandmustprotectthemfromagroupofevilmercenaries.,1.6
玛克辛,缇·威斯特,"米娅·高斯,伊丽莎白·德比齐,摩西·萨姆尼,米歇尔·莫纳汉,鲍比·坎纳瓦尔,哈尔希,莉莉·柯林斯,吉安卡罗·埃斯波西托,凯文·贝肯,乌利·拉图基孚,奈德·沃恩,狄波拉·盖夫娜,克洛伊·法恩沃斯,查利·罗文·麦凯恩,Naomi Phan,詹姆斯·亨特,Clayton Farris,Michelle Marie Jacquot,金艺素,Jutt DaRe,Jutt DaRe",恐怖,美国,英语,2024,https://ukzy.ukubf3.com/share/D3ZoCiPiDLKhV7cX,https://img.ukuapi.com/upload/vod/20240803-1/68d469b3e6c3d33cfb874697e55b452b.jpg,影片是《X》《珀尔》的续集。1985年，在德州农场的血腥屠杀五年后，从成人电影界窜起、满怀抱负的女演员玛克辛（米娅·高斯MiaGoth饰）搬去洛杉矶，终于取得事业的重大突破。但当一名专挑好莱坞年轻艺人痛下毒手的神秘罪犯开始横行街头时，玛克辛的黑暗过去也可能将因此被揭露。,6.2
醉后一拳,释小龙,"释小龙,尹子维,张世,陈昕葳,郝劭文,翁虹,苑琼丹,车保罗","喜剧,动作,武侠",中国大陆,汉语普通话,2024,https://ukzy.ukubf3.com/share/kajPiZBnailhDGNe,https://img.ukuapi.com/upload/vod/20240803-1/bcc14e9bea05b5745b3c226bc75b23a0.jpg,林耀（释小龙饰）从小喜欢练武，以为自己很厉害，却一步步陷入了李白眉（尹子维饰）与秦霜（陈昕葳饰）等人设下的骗局，又被好友林喜（郝劭文饰）背叛。经过这些挫折，林耀认清了自己，重拾信心，苦练醉拳，打败了李白眉，成为了真正的英雄。,4.1
金刚归来 2024,刘信达,"杨程茗,王蕾,董劭辉,张漪宁","动作,科幻",大陆,国语,2024,https://ukzy.ukubf3.com/share/pGV9spgfLS46Cl7Z,https://img.ukuapi.com/upload/vod/20240804-1/ebf612975e736525f9ba612ddb7fd6a2.jpg,,0.0
月球叛军：火之女,扎克·施奈德,"索菲亚·波多拉,艾德·斯克林,克利欧佩特拉·科尔曼,加利·艾尔维斯,安东尼·霍普金斯,查理·汉纳姆,吉娜·马隆,米希尔·赫伊斯曼,寇瑞·斯托尔,杰曼·翰苏,斯图尔特·马丁,裴斗娜,多米尼克·伯吉斯,里安·里斯,阿方索·埃雷拉,雷·费舍尔,弗拉·菲,斯塔兹·奈尔,丹尼埃尔·布鲁吉奥,雷·波特,E·达菲","剧情,动作,科幻,奇幻,冒险","美国,匈牙利,瑞典,丹麦,英国",英语,2023,https://ukzy.ukubf3.com/share/VvDdtK1QoFWE5qiK,https://img.ukuapi.com/upload/vod/20240803-1/b1a068c6bd5b766a35fd6002f8c116e3.jpg,广袤的银河系，已经被名为巴里萨利斯（弗拉·菲FraFee饰）的暴君所统治，并建立起庞大而残酷的帝国。位于银河系边缘的一座殖民星球，人们过着拮据贫苦的生活。这一天，帝国军舰突然出现在星球上空，狂暴的军官出现在人民面前，他不顾当地人的生计和死活，命令他们在规定时间内交够足够的粮食。军官走后，留下一队士兵监督人民劳作。谁曾想，一次突发事件导致女孩柯拉（索菲亚·波多拉SofiaBoutella饰）和帝国的机器人吉米（安东尼·霍普金斯AnthonyHopkins配音）反抗并杀掉了这些士兵。为了对抗巴里萨利斯的大军，柯拉等人出发前往抵抗组织“血斧”。一场冒险就此展开……,5.2
车顶上的玄天上帝,黄文英,"林依晨,周渝民,阮经天,张孝全,方宥心,管罄,林钜",剧情,中国台湾,汉语普通话,2023,https://ukzy.ukubf3.com/share/eRH6cw6lelhdShmf,https://img.ukuapi.com/upload/vod/20240803-1/73f1d0f73df551d3a4f68729aeb45c71.jpg,电影美术指导芙月（林依晨饰）为了返家照顾病重的父亲，不得不中途离开剧组，放下正在改建的台北古宅，陪着家人回到家乡嘉义，在这段回到故乡陪伴父亲的日子里，芙月踏遍了阿公生前的足迹，回想起阿公的信念和传承的信仰，找回自己新生的力量。,5.3
月球叛军2：烙印之人,扎克·施奈德,"索菲亚·波多拉,查理·汉纳姆,加利·艾尔维斯,安东尼·霍普金斯,杰曼·翰苏,裴斗娜,吉娜·马隆,寇瑞·斯托尔,艾德·斯克林,米希尔·赫伊斯曼,斯图尔特·马丁,阿方索·埃雷拉,雷·费舍尔,弗拉·菲,克利欧佩特拉·科尔曼,斯塔兹·奈尔,里安·里斯,汤姆·沃斯","剧情,动作,科幻,奇幻,冒险",美国,英语,2024,https://ukzy.ukubf3.com/share/wy1cjM9zNeQjnhGf,https://img.ukuapi.com/upload/vod/20240803-1/10471871cf3f0350272f0269816fa673.jpg,延续第一部的史诗故事，柯拉（索菲亚·波多拉SofiaBoutella饰）与幸存的战士准备好豁出一切，与勇敢的碧草星居民并肩作战，即使村落不复往日和平，仍是对抗母星失败的人们寻得的新家园，这一切，就靠他们来守护。最终大战前夕，这群战士必须面对各自的过往，也揭露他们究竟为何而战。当叛军势力星火燎原，王国大军倾巢而出准备平息动乱，战友情谊益发坚定，英雄崭露头角，不朽传奇也于焉诞生。,4.9
燃烧的槐多啊,佐藤寿保,"游屋慎太郎,佐藤里穗,工藤景,涼田麗乃,八田拳,佐月绘美,田中飄,佐野史郎",,日本,日语,2024,https://ukzy.ukubf3.com/share/hIh4HHRm2SoWZNlH,https://img.ukuapi.com/upload/vod/20240803-1/c948e2446657220f3ec00b6a3cfe0f59.jpg,"MurayamaKaita,aJapanesepainter,novelistandpoetdiedin1919attheageof22,leavingbehindanimpressiveandtime-defyingbodyofwork.Inhismostrecentfilm,SatoHisayasuoffersasurreal,time-crossing,meta-layeredessayontheartist,hisoriginalityandhislegacy.DearKaitaAblazebringstogetherayoungwomanAzamiobsessedwithMurayama’spainting,ayoungmanSaku,whocanhearunusualfrequenciesandclaimstobeMurayamaorhisspiritualimprintandaquartetofyoungperformerswithpsychicabilities.TheybondoverMurayama’sworkwhichtheyrecreateinperformativedancewhiledrivingtoamysteriouscavecalledAgartha.SatoHisayasu(TheEye’sDream,Muscle,TheBedroom),renownedforhispinkuandexplorationofmadnessandlust,returnstoIFFR.DearKaitaAblazeishyper-dense,obsessiveanddriven,effortlesslymashingsurrealismwithsci-fiandmysticism,layeringseeminglyunrelatedeventsandencounterstobringthemtogetherinamonumentalclimax.–kijA源自：https://iffr.com/en/iffr/2024/films/dear-kaita-ablaze",1.1
搭车奇缘,克里斯蒂·哈尔,"达科塔·约翰逊,西恩·潘,马科斯·A·冈萨雷斯,香农·甘农",剧情,美国,英语,2023,https://ukzy.ukubf3.com/share/jSDZ6zLdW24wVxKB,https://img.ukuapi.com/upload/vod/20240803-1/dbfe32a3c8a34fdb6a3164aa72a01b39.jpg,一位年轻女子乘坐的飞机在纽约肯尼迪机场降落后，她跳上了一辆黄色出租车的后座，出租车司机克拉克将车开动，素不相识的两人在夜色中共同前行，展开了最意想不到的对话。一开始是有趣的闲聊，很快就转向了神秘和俏皮的内容。女子正在和一个男子网恋，一路上手机响个不停。司机劝告女子应该认清网恋对象的真面目，珍视自己。女子惊讶司机能够看透自己所处的境况，随后两人的聊天发展到对爱情观、人生观、价值观等方面，女子发现司机有着强大的内心、悲痛的经历以及积极向上的人生感悟。最后目的地到达女子下车离开。但是两人在短短的旅程中的谈话都治愈了彼此的内心。该片将探讨人类联系的复杂性，并将证明与一个完全陌生的人的偶然相遇可以改变一个人的生活。,6.8
宝藏,朱丽亚·冯·海因茨,"莉娜·邓纳姆,斯蒂芬·弗雷,安德烈·赫尼克,齐伯尼·查马修瓦斯基,托马斯·洛索,伊沃娜·别尔斯卡,温蒂·诺苏尔,玛丽亚·马莫纳,罗伯特·贝斯塔,奥利弗·尤伊,戴维·克日斯特科兹科",剧情,德国,"英语,波兰语",2024,https://ukzy.ukubf3.com/share/JsV3bSOGm98vQtWO,https://img.ukuapi.com/upload/vod/20240803-1/0ff51284a55ab3cdf4a33f11dd9c0a41.jpg,影片改编自莉莉·布雷特撰写的畅销小说《太多男人》，故事设定在柏林墙推倒后的1990年，纽约的成功女商人RuthRothwax坚持将年迈的父亲带回他的故乡波兰，她希望在那里探寻自己的犹太血统。然而父亲虽然同意回去，却仍不想回到那些他曾受到伤害的地方。尽管影片题材严肃，但会有大量的喜剧段落。[铁箱]将是朱丽亚·冯·海因茨“余波三部曲”的最后一部，前两部分别为[汉娜的旅程]和[明天整个世界]，这三部影片以截然不同的视角来审视德国纳粹带给社会的影响。,3.8
苍狼之浴血绝杀,,,"剧情,战争",大陆,国语,2024,https://ukzy.ukubf3.com/share/VdOkx9o8oCiqkZ14,https://img.ukuapi.com/upload/vod/20240801-1/83c19aad508c5c0b5351a0732e8023da.jpg,,0.0
珊迪大电影：拯救比奇堡,丽萨·约翰逊,"卡罗琳·劳伦斯,汤姆·肯尼,劳伦斯先生,玛丽·乔·卡特利特,克兰西·布朗,比尔·法格巴克,罗德格尔·邦帕斯,迪·布拉雷·贝克尔,Christopher Hagen,瑞欧·亚历山大,Ryan Begay,伊利娅·伊索雷利·保利诺,马修·卡德瑞普,旺达·塞克丝,吉尔·塔利,克雷格·罗宾森,格蕾·德丽斯勒,约翰尼·诺克斯维尔,凯瑞·华格伦,Miles Hall","喜剧,动画,奇幻,冒险","美国,英国,加拿大","英语,阿拉伯语",2024,https://ukzy.ukubf3.com/share/50vY9fQXrhvw3Ygm,https://img.ukuapi.com/upload/vod/20240802-1/e61a5becfcc2e9aab9a24796d802880d.jpg,比奇堡和其中的所有居民突然被捞出海面，珊迪·奇克斯和海绵宝宝前往德克萨斯州拯救小镇，使小镇免受邪恶阴谋的荼毒。,2.8
错过你的那些年,藤井道人,"许光汉,清原果耶,张孝全,道枝骏佑,黑木华,山中崇,松重丰,黑木瞳,屈中恒,郁方,北村丰晴,曾少宗,廖慧珍,陈妍霏,李冠毅,洪群钧,刘主平","剧情,爱情","中国台湾,日本","日语,汉语普通话",2024,https://ukzy.ukubf3.com/share/4KTt9ctorDKjV4m4,https://img.ukuapi.com/upload/vod/20240803-1/4101139798e4225c131233732dde44de.jpg,回首青春，这些年最不想错过的人，一直是你。可我这一次，真的错过你了。影片以游记随笔《青春18×2日本慢车流浪记》为原型。18年前，来自日本的背包客阿美（清原果耶饰）来到了高中生吉米（许光汉饰）打工的店中，两人在同一家店中一同工作度过了一个夏天。吉米渐渐对阿美产生好感，然而阿美将回到日本。面对无法整理心情的吉米，阿美提出了“一个约定”……时光流逝，回到老家的吉米发现了阿美18年前从日本寄来的明信片。初恋的记忆涌现，吉米乘上通往阿美的故乡的列车，开始了独自一人的日本之旅。,7.4
鬼天厦,谢志文,"黄瀞怡,陈妤,潘君侖,白癡公主,郑茵声,游書庭,高慧君,澎恰恰","惊悚,恐怖",中国台湾,汉语普通话,2024,https://ukzy.ukubf3.com/share/ksGrhGDyVvfqbXyo,https://img.ukuapi.com/upload/vod/20240802-1/b4c2131a24e6714b1d9c88456ae64835.jpg,故事灵感来自台湾知名的猛鬼大厦之一的凶宅，这栋位在台北市中心的大厦，曾在30多年内发生超过20多件命案，让房价比周围其他建案都便宜许多。其中最著名的事件便是在80年代的一场火灾，造成300多人受困，最后夺走19条人命。而已成为都市传说的「烧肉粽事件」，一名女子因感情问题跳楼自杀，却意外压死楼下卖烧肉粽的小贩的悲剧，也是发生在此大楼，让恐怖名声不胫而走，成为台湾最猛的凶宅之一。,2.6
无边之雾,艾德温,"普特里·马里诺,Iedil Dzuhrie Alaudin,Kiki Narendra,卢克曼·萨尔迪,Yusuf Mahardika","惊悚,犯罪",印度尼西亚,,2024,https://ukzy.ukubf3.com/share/l7Hc8t0l7ohuSrxz,https://img.ukuapi.com/upload/vod/20240801-1/2900cdf78cf34c323885b115e57553cf.jpg,大城市調來的刑警查起印尼與馬來西亞邊界發生的一連串凶殘命案，卻在過程中被迫面對過去的夢魘。,3.9
年少日记,卓亦谦,"卢镇业,郑中基,黄梓乐,韦罗莎,陈汉娜,何珀廉,戴玉麒,归绰峣,周汉宁,吴冰,邵美君,梁祖尧,麦芷谊,陈苡臻,陈湛文,梁雍婷",剧情,中国香港,粤语,2023,https://ukzy.ukubf3.com/share/yt3cOCw9KxkGz8uT,https://img.ukuapi.com/upload/vod/20240801-1/c981a72aa41a5f720b5cb02847436ce8.jpg,一封没署名的遗书、一群看似无恙的学生，让中学老师郑Sir（卢镇业饰）想起充满暴力与遗憾的童年往事。他亦面对妻子离别、父亲病危，同时必须找出企图轻生的同学，阻止悲剧重现。,8.4
还钱,王鼎霖,"陈柏霖,蔡思韵,李铭忠,林哲熹,蔡凡熙,吴慷仁,许时豪,高英轩,吴志庆,澎恰恰","喜剧,犯罪",中国台湾,汉语普通话,2024,https://ukzy.ukubf3.com/share/426uSocpQtMUPCXF,https://img.ukuapi.com/upload/vod/20240801-1/faedc717cc6951677523ebfbfa3f1fc4.jpg,讲述一支由张博骏（陈柏霖饰）率领、战无不胜的窃盗集团，在小年夜悄悄执行了10亿元窃盗案，没想到却遇上黑吃黑，意外让张博骏的前女友沉舒玟（蔡思韵饰）卷入案件，逼得他们必须把这10亿元还回去。,1.5
